"","type","listed_in","Count"
"1","Movie","Drama",870
"2","Movie","Comedy",442
"3","Movie","Drama, Suspense",349
"4","Movie","Comedy, Drama",338
"5","Movie","Documentary",300
"6","Movie","Action, Drama",277
"7","TV Show","TV Shows",263
"8","Movie","Horror",253
"9","Movie","Kids",226
"10","Movie","Action",216
"11","Movie","Arts, Entertainment, and Culture, Comedy, Special Interest",215
"12","Movie","Horror, Suspense",194
"13","Movie","Documentary, Special Interest",182
"14","Movie","Suspense",181
"15","Movie","Animation, Kids",180
"16","TV Show","Animation, Kids",176
"17","Movie","Drama, Romance",167
"18","Movie","Action, Suspense",136
"19","Movie","Action, Drama, Suspense",129
"20","TV Show","Drama",116
"21","TV Show","Documentary, Special Interest",114
"22","TV Show","Kids",108
"23","Movie","Special Interest",103
"24","Movie","Western",100
"25","Movie","Romance",94
"26","TV Show","Comedy",94
"27","Movie","Music Videos and Concerts",93
"28","Movie","Action, Comedy",79
"29","Movie","Drama, Horror, Suspense",73
"30","Movie","Drama, International",62
"31","Movie","Action, Science Fiction",61
"32","Movie","Comedy, Drama, Romance",61
"33","Movie","Comedy, Romance",57
"34","Movie","Comedy, Horror",56
"35","Movie","Fitness",55
"36","Movie","Arts, Entertainment, and Culture, Comedy",53
"37","Movie","Action, Adventure",50
"38","Movie","Science Fiction",50
"39","TV Show","Documentary",50
"40","TV Show","Drama, Suspense",50
"41","Movie","Drama, Kids",40
"42","TV Show","Special Interest",40
"43","TV Show","Comedy, Drama",39
"44","Movie","Arts, Entertainment, and Culture",38
"45","Movie","Drama, Special Interest",37
"46","TV Show","Drama, Romance",36
"47","Movie","Horror, Science Fiction",34
"48","Movie","Action, Adventure, Drama",33
"49","Movie","Action, Comedy, Drama",33
"50","TV Show","Documentary, Drama, Unscripted",32
"51","Movie","Drama, Horror",31
"52","Movie","Arthouse, Drama",30
"53","Movie","Drama, Science Fiction",29
"54","TV Show","Unscripted",29
"55","Movie","Action, Horror",28
"56","Movie","Comedy, Kids",28
"57","Movie","Documentary, Sports",28
"58","Movie","Action, Adventure, Suspense",27
"59","Movie","Comedy, Drama, International",27
"60","Movie","Comedy, International",27
"61","Movie","Action, Drama, International",25
"62","Movie","Drama, International, Romance",25
"63","Movie","Drama, Romance, Suspense",24
"64","Movie","Action, Adventure, Comedy",23
"65","Movie","Action, International",23
"66","Movie","Comedy, Drama, Suspense",23
"67","Movie","Comedy, Suspense",23
"68","TV Show","Special Interest, Unscripted",23
"69","TV Show","Action",22
"70","Movie","Arts, Entertainment, and Culture, Drama",21
"71","Movie","Action, Drama, Romance",20
"72","Movie","Documentary, Drama",20
"73","Movie","Documentary, Music Videos and Concerts",20
"74","Movie","Horror, Science Fiction, Suspense",20
"75","TV Show","Action, Drama",20
"76","Movie","Action, Drama, Western",19
"77","Movie","Action, Horror, Suspense",18
"78","Movie","Action, Western",18
"79","Movie","Drama, Young Adult Audience",18
"80","Movie","Science Fiction, Suspense",18
"81","Movie","Action, Romance",17
"82","Movie","Arthouse, Comedy, Drama",17
"83","Movie","Drama, LGBTQ",17
"84","Movie","Drama, Science Fiction, Suspense",17
"85","Movie","Drama, Sports",17
"86","Movie","Fitness, Special Interest",17
"87","Movie","International",17
"88","TV Show","Action, Animation, Kids",17
"89","Movie","Action, Horror, Science Fiction",16
"90","Movie","Drama, Western",16
"91","Movie","Romance, Suspense",16
"92","TV Show","Animation, International, Kids",16
"93","Movie","Action, Kids",15
"94","Movie","Comedy, Science Fiction",15
"95","Movie","Special Interest, Western",15
"96","Movie","Action, Drama, Science Fiction",14
"97","Movie","Kids, Special Interest",14
"98","TV Show","Action, Drama, Suspense",14
"99","TV Show","Anime",14
"100","TV Show","Documentary, Special Interest, Unscripted",14
"101","TV Show","Animation, Comedy, Kids",13
"102","TV Show","Documentary, Sports",13
"103","TV Show","Science Fiction",13
"104","Movie","Action, Animation, Kids",12
"105","Movie","Action, Comedy, Horror",12
"106","Movie","Comedy, Horror, Suspense",12
"107","Movie","Drama, Faith and Spirituality",12
"108","Movie","Drama, Military and War",12
"109","TV Show","Arts, Entertainment, and Culture",12
"110","TV Show","Comedy, Kids",12
"111","Movie","Adventure, Drama",11
"112","Movie","Animation",11
"113","Movie","Arthouse, Comedy",11
"114","Movie","Comedy, Drama, Kids",11
"115","Movie","Comedy, Western",11
"116","Movie","Comedy, Young Adult Audience",11
"117","Movie","Drama, Kids, Special Interest",11
"118","TV Show","Arts, Entertainment, and Culture, Comedy",11
"119","TV Show","Comedy, Drama, Romance",11
"120","TV Show","Drama, Historical",11
"121","Movie","Action, Adventure, Horror",10
"122","Movie","Action, Comedy, Kids",10
"123","Movie","Comedy, Horror, Science Fiction",10
"124","Movie","International, Suspense",10
"125","TV Show","Documentary, Drama, Special Interest",10
"126","TV Show","Drama, International",10
"127","TV Show","Sports",10
"128","Movie","Action, Comedy, Science Fiction",9
"129","Movie","Action, Comedy, Suspense",9
"130","Movie","Action, Science Fiction, Suspense",9
"131","Movie","Animation, Kids, Sports",9
"132","Movie","Arthouse, Drama, Romance",9
"133","Movie","Arts, Entertainment, and Culture, Comedy, Documentary",9
"134","Movie","Comedy, Drama, Science Fiction",9
"135","Movie","Comedy, Drama, Young Adult Audience",9
"136","Movie","Comedy, Special Interest",9
"137","Movie","Documentary, Special Interest, Sports",9
"138","Movie","Drama, International, Suspense",9
"139","Movie","Animation, Comedy, Kids",8
"140","Movie","Anime",8
"141","Movie","Comedy, Drama, LGBTQ",8
"142","Movie","Documentary, Drama, Special Interest",8
"143","Movie","Documentary, Faith and Spirituality, Special Interest",8
"144","Movie","Drama, Horror, Science Fiction",8
"145","Movie","Drama, LGBTQ, Romance",8
"146","Movie","International, Romance",8
"147","TV Show","Action, Science Fiction",8
"148","TV Show","Comedy, Romance",8
"149","TV Show","Drama, Science Fiction",8
"150","TV Show","Fitness, Special Interest",8
"151","Movie","Action, Adventure, Fantasy",7
"152","Movie","Animation, Kids, Music Videos and Concerts",7
"153","Movie","Arthouse, Drama, Suspense",7
"154","Movie","Arts, Entertainment, and Culture, Comedy, Drama",7
"155","Movie","Arts, Entertainment, and Culture, Documentary",7
"156","Movie","LGBTQ, Romance",7
"157","Movie","Music Videos and Concerts, Special Interest",7
"158","TV Show","Animation, Comedy",7
"159","TV Show","Animation, Kids, Special Interest",7
"160","TV Show","Kids, Special Interest",7
"161","TV Show","Suspense",7
"162","Movie","Action, Kids, Science Fiction",6
"163","Movie","Action, Sports",6
"164","Movie","Adventure",6
"165","Movie","Adventure, Comedy",6
"166","Movie","Animation, Anime, Kids",6
"167","Movie","Anime, Kids",6
"168","Movie","Comedy, International, Romance",6
"169","Movie","Documentary, LGBTQ",6
"170","Movie","Documentary, Suspense",6
"171","Movie","Faith and Spirituality",6
"172","Movie","Kids, Science Fiction",6
"173","Movie","Suspense, Western",6
"174","TV Show","Action, Drama, Romance",6
"175","TV Show","Animation",6
"176","TV Show","Comedy, Drama, Kids",6
"177","TV Show","Documentary, Special Interest, Sports",6
"178","TV Show","Documentary, Sports, Unscripted",6
"179","Movie","Action, Adventure, International",5
"180","Movie","Action, Drama, Horror",5
"181","Movie","Action, Drama, Kids",5
"182","Movie","Action, Drama, Sports",5
"183","Movie","Action, Military and War",5
"184","Movie","Animation, Anime",5
"185","Movie","Arthouse, Arts, Entertainment, and Culture, Comedy",5
"186","Movie","Arthouse, Arts, Entertainment, and Culture, Drama",5
"187","Movie","Arts, Entertainment, and Culture, Comedy, LGBTQ",5
"188","Movie","Arts, Entertainment, and Culture, Comedy, Romance",5
"189","Movie","Arts, Entertainment, and Culture, Drama, Romance",5
"190","Movie","Comedy, LGBTQ",5
"191","Movie","Drama, Romance, Special Interest",5
"192","Movie","Horror, Suspense, Young Adult Audience",5
"193","Movie","Sports",5
"194","TV Show","Action, Comedy",5
"195","TV Show","Anime, Kids",5
"196","TV Show","Comedy, Talk Show and Variety",5
"197","TV Show","Comedy, Unscripted",5
"198","TV Show","Documentary, Suspense",5
"199","TV Show","Documentary, Unscripted",5
"200","TV Show","Horror, Suspense",5
"201","Movie","Action, Adventure, Kids",4
"202","Movie","Action, Adventure, Science Fiction",4
"203","Movie","Action, Arthouse, Drama",4
"204","Movie","Action, Arts, Entertainment, and Culture, Drama",4
"205","Movie","Action, Documentary, Sports",4
"206","Movie","Action, Drama, Military and War",4
"207","Movie","Action, Drama, Special Interest",4
"208","Movie","Action, Romance, Western",4
"209","Movie","Adventure, Comedy, Drama",4
"210","Movie","Adventure, Drama, Western",4
"211","Movie","Animation, Comedy",4
"212","Movie","Animation, Documentary, Kids",4
"213","Movie","Arthouse",4
"214","Movie","Arthouse, Documentary",4
"215","Movie","Arthouse, Drama, LGBTQ",4
"216","Movie","Arthouse, LGBTQ, Romance",4
"217","Movie","Arts, Entertainment, and Culture, Comedy, Science Fiction",4
"218","Movie","Arts, Entertainment, and Culture, Drama, Kids",4
"219","Movie","Arts, Entertainment, and Culture, Music Videos and Concerts",4
"220","Movie","Comedy, Documentary",4
"221","Movie","Comedy, Documentary, Special Interest",4
"222","Movie","Comedy, Drama, Special Interest",4
"223","Movie","Comedy, Kids, Science Fiction",4
"224","Movie","Comedy, Sports",4
"225","Movie","Documentary, Science Fiction",4
"226","Movie","Drama, Faith and Spirituality, Kids",4
"227","Movie","Drama, Historical",4
"228","Movie","Fantasy, Science Fiction",4
"229","Movie","Horror, International",4
"230","Movie","Horror, Young Adult Audience",4
"231","Movie","Romance, Science Fiction",4
"232","TV Show","Action, Adventure, Anime",4
"233","TV Show","Action, Adventure, Drama",4
"234","TV Show","Action, Drama, International",4
"235","TV Show","Animation, Anime, Kids",4
"236","TV Show","Anime, Drama, International",4
"237","TV Show","Comedy, Documentary, Unscripted",4
"238","TV Show","Comedy, Drama, LGBTQ",4
"239","TV Show","Documentary, Kids, Special Interest",4
"240","TV Show","Drama, Science Fiction, Special Interest",4
"241","TV Show","Drama, Western",4
"242","TV Show","Drama, Young Adult Audience",4
"243","TV Show","International",4
"244","TV Show","Sports, Unscripted",4
"245","Movie","Action, Adventure, Western",3
"246","Movie","Action, Animation",3
"247","Movie","Action, Comedy, Western",3
"248","Movie","Action, Documentary",3
"249","Movie","Action, Fantasy, Science Fiction",3
"250","Movie","Action, Romance, Suspense",3
"251","Movie","Adventure, Animation, Kids",3
"252","Movie","Adventure, Comedy, Kids",3
"253","Movie","Adventure, Kids",3
"254","Movie","Arthouse, Comedy, Horror",3
"255","Movie","Arthouse, Horror, Suspense",3
"256","Movie","Arthouse, Special Interest",3
"257","Movie","Arts, Entertainment, and Culture, Documentary, Special Interest",3
"258","Movie","Arts, Entertainment, and Culture, Drama, International",3
"259","Movie","Arts, Entertainment, and Culture, Romance",3
"260","Movie","Comedy, Drama, Horror",3
"261","Movie","Comedy, LGBTQ, Romance",3
"262","Movie","Documentary, Drama, Sports",3
"263","Movie","Documentary, Faith and Spirituality",3
"264","Movie","Documentary, International",3
"265","Movie","Documentary, International, Special Interest",3
"266","Movie","Drama, Faith and Spirituality, Special Interest",3
"267","Movie","Drama, Fantasy, Science Fiction",3
"268","Movie","Drama, Kids, Romance",3
"269","Movie","Drama, LGBTQ, Suspense",3
"270","Movie","Drama, Music Videos and Concerts",3
"271","Movie","Drama, Romance, Science Fiction",3
"272","Movie","Drama, Special Interest, Suspense",3
"273","Movie","Fantasy, Horror, Science Fiction",3
"274","Movie","Fantasy, Science Fiction, Suspense",3
"275","TV Show","Action, Adventure, Comedy",3
"276","TV Show","Action, Animation",3
"277","TV Show","Action, Animation, Anime",3
"278","TV Show","Action, Comedy, Drama",3
"279","TV Show","Action, Documentary",3
"280","TV Show","Action, Documentary, Special Interest",3
"281","TV Show","Comedy, Horror",3
"282","TV Show","Comedy, International, Unscripted",3
"283","TV Show","Comedy, Special Interest, Unscripted",3
"284","TV Show","Comedy, Suspense",3
"285","TV Show","Documentary, Faith and Spirituality, Special Interest",3
"286","TV Show","Documentary, Military and War",3
"287","TV Show","Drama, Horror, Suspense",3
"288","TV Show","Drama, International, Suspense",3
"289","TV Show","Drama, LGBTQ",3
"290","TV Show","Drama, LGBTQ, Suspense",3
"291","TV Show","Horror",3
"292","TV Show","Horror, Unscripted",3
"293","TV Show","Music Videos and Concerts",3
"294","TV Show","Romance",3
"295","TV Show","Science Fiction, Suspense",3
"296","TV Show","Talk Show and Variety",3
"297","Movie","Action, Adventure, Documentary",2
"298","Movie","Action, Animation, Drama",2
"299","Movie","Action, Arthouse, Arts, Entertainment, and Culture",2
"300","Movie","Action, Arts, Entertainment, and Culture, Comedy",2
"301","Movie","Action, Comedy, Documentary",2
"302","Movie","Action, Comedy, Romance",2
"303","Movie","Action, Comedy, Young Adult Audience",2
"304","Movie","Action, Drama, Faith and Spirituality",2
"305","Movie","Action, Drama, Historical",2
"306","Movie","Action, Fantasy",2
"307","Movie","Action, International, Science Fiction",2
"308","Movie","Action, International, Suspense",2
"309","Movie","Action, Kids, Young Adult Audience",2
"310","Movie","Action, Special Interest",2
"311","Movie","Action, Sports, Suspense",2
"312","Movie","Adventure, Drama, Faith and Spirituality",2
"313","Movie","Adventure, Kids, Science Fiction",2
"314","Movie","Adventure, Suspense",2
"315","Movie","Adventure, Western",2
"316","Movie","Animation, Drama, Kids",2
"317","Movie","Animation, Horror",2
"318","Movie","Animation, Kids, Science Fiction",2
"319","Movie","Animation, Kids, Special Interest",2
"320","Movie","Animation, Special Interest",2
"321","Movie","Arthouse, Horror, Science Fiction",2
"322","Movie","Arts, Entertainment, and Culture, Drama, LGBTQ",2
"323","Movie","Arts, Entertainment, and Culture, Drama, Suspense",2
"324","Movie","Arts, Entertainment, and Culture, Drama, Young Adult Audience",2
"325","Movie","Arts, Entertainment, and Culture, Horror, Suspense",2
"326","Movie","Arts, Entertainment, and Culture, Kids",2
"327","Movie","Arts, Entertainment, and Culture, Kids, Science Fiction",2
"328","Movie","Comedy, Drama, Sports",2
"329","Movie","Comedy, Drama, Western",2
"330","Movie","Comedy, Fantasy",2
"331","Movie","Comedy, Fantasy, Kids",2
"332","Movie","Comedy, Music Videos and Concerts",2
"333","Movie","Comedy, Romance, Young Adult Audience",2
"334","Movie","Comedy, Sports, Young Adult Audience",2
"335","Movie","Documentary, Drama, Horror",2
"336","Movie","Documentary, Drama, Suspense",2
"337","Movie","Documentary, Horror",2
"338","Movie","Documentary, Kids, Special Interest",2
"339","Movie","Documentary, LGBTQ, Special Interest",2
"340","Movie","Documentary, Science Fiction, Special Interest",2
"341","Movie","Drama, Faith and Spirituality, Romance",2
"342","Movie","Drama, Fantasy",2
"343","Movie","Drama, Horror, Western",2
"344","Movie","Drama, Horror, Young Adult Audience",2
"345","Movie","Drama, International, Kids",2
"346","Movie","Drama, International, Sports",2
"347","Movie","Drama, LGBTQ, Young Adult Audience",2
"348","Movie","Drama, Romance, Western",2
"349","Movie","Drama, Science Fiction, Special Interest",2
"350","Movie","Drama, Suspense, Young Adult Audience",2
"351","Movie","Faith and Spirituality, Special Interest",2
"352","Movie","Fantasy, Kids",2
"353","Movie","Fantasy, Suspense",2
"354","Movie","Historical",2
"355","Movie","Horror, Romance",2
"356","Movie","Kids, Music Videos and Concerts",2
"357","Movie","Kids, Sports",2
"358","Movie","Kids, Western",2
"359","Movie","Military and War, Special Interest",2
"360","Movie","Military and War, Western",2
"361","Movie","Romance, Western",2
"362","Movie","Young Adult Audience",2
"363","TV Show","Action, Adventure, Sports",2
"364","TV Show","Action, Anime",2
"365","TV Show","Action, Anime, Fantasy",2
"366","TV Show","Action, International",2
"367","TV Show","Action, Kids",2
"368","TV Show","Adventure, Animation, Kids",2
"369","TV Show","Adventure, Documentary, Special Interest",2
"370","TV Show","Animation, Anime",2
"371","TV Show","Animation, Faith and Spirituality, Kids",2
"372","TV Show","Animation, Kids, Science Fiction",2
"373","TV Show","Anime, Comedy, International",2
"374","TV Show","Arts, Entertainment, and Culture, Comedy, International",2
"375","TV Show","Arts, Entertainment, and Culture, Comedy, Unscripted",2
"376","TV Show","Arts, Entertainment, and Culture, Drama",2
"377","TV Show","Comedy, Documentary, Sports",2
"378","TV Show","Comedy, Drama, Science Fiction",2
"379","TV Show","Comedy, Drama, Suspense",2
"380","TV Show","Comedy, International",2
"381","TV Show","Comedy, Young Adult Audience",2
"382","TV Show","Documentary, Drama",2
"383","TV Show","Documentary, Drama, Suspense",2
"384","TV Show","Documentary, Kids",2
"385","TV Show","Documentary, Talk Show and Variety",2
"386","TV Show","Drama, Fantasy",2
"387","TV Show","Drama, Fantasy, Kids",2
"388","TV Show","Drama, Fantasy, Suspense",2
"389","TV Show","Drama, Historical, Military and War",2
"390","TV Show","Drama, Horror",2
"391","TV Show","Drama, LGBTQ, Romance",2
"392","TV Show","Drama, Romance, Science Fiction",2
"393","TV Show","Drama, Science Fiction, Suspense",2
"394","TV Show","Drama, Special Interest",2
"395","TV Show","Drama, Sports",2
"396","TV Show","International, Unscripted",2
"397","TV Show","Kids, Science Fiction",2
"398","TV Show","Romance, Suspense",2
"399","TV Show","Special Interest, Sports",2
"400","TV Show","Western",2
"401","Movie","Action, Adventure, Animation",1
"402","Movie","Action, Adventure, Faith and Spirituality",1
"403","Movie","Action, Adventure, Special Interest",1
"404","Movie","Action, Animation, Fantasy",1
"405","Movie","Action, Animation, Science Fiction",1
"406","Movie","Action, Anime, Drama",1
"407","Movie","Action, Arthouse, Horror",1
"408","Movie","Action, Arthouse, Romance",1
"409","Movie","Action, Arts, Entertainment, and Culture",1
"410","Movie","Action, Arts, Entertainment, and Culture, Music Videos and Concerts",1
"411","Movie","Action, Arts, Entertainment, and Culture, Suspense",1
"412","Movie","Action, Comedy, Fantasy",1
"413","Movie","Action, Comedy, International",1
"414","Movie","Action, Comedy, LGBTQ",1
"415","Movie","Action, Comedy, Military and War",1
"416","Movie","Action, Comedy, Special Interest",1
"417","Movie","Action, Documentary, Drama",1
"418","Movie","Action, Documentary, Faith and Spirituality",1
"419","Movie","Action, Documentary, Special Interest",1
"420","Movie","Action, Drama, Fantasy",1
"421","Movie","Action, Fantasy, Suspense",1
"422","Movie","Action, International, Romance",1
"423","Movie","Action, Kids, Military and War",1
"424","Movie","Action, Kids, Suspense",1
"425","Movie","Action, Military and War, Suspense",1
"426","Movie","Action, Military and War, Western",1
"427","Movie","Action, Special Interest, Sports",1
"428","Movie","Action, Special Interest, Suspense",1
"429","Movie","Action, Suspense, Young Adult Audience",1
"430","Movie","Action, Young Adult Audience",1
"431","Movie","Adventure, Arthouse, Horror",1
"432","Movie","Adventure, Comedy, Fantasy",1
"433","Movie","Adventure, Documentary, Special Interest",1
"434","Movie","Adventure, Drama, Kids",1
"435","Movie","Adventure, Drama, Military and War",1
"436","Movie","Adventure, Drama, Romance",1
"437","Movie","Adventure, Drama, Suspense",1
"438","Movie","Adventure, Fantasy",1
"439","Movie","Adventure, Fantasy, Kids",1
"440","Movie","Adventure, International, Suspense",1
"441","Movie","Adventure, Science Fiction, Suspense",1
"442","Movie","Animation, Anime, Romance",1
"443","Movie","Animation, Arts, Entertainment, and Culture, Comedy",1
"444","Movie","Animation, Comedy, Drama",1
"445","Movie","Animation, Comedy, Science Fiction",1
"446","Movie","Animation, Drama",1
"447","Movie","Animation, Drama, Faith and Spirituality",1
"448","Movie","Animation, Drama, Science Fiction",1
"449","Movie","Animation, Kids, Young Adult Audience",1
"450","Movie","Animation, Music Videos and Concerts",1
"451","Movie","Animation, Romance",1
"452","Movie","Animation, Science Fiction",1
"453","Movie","Animation, Suspense",1
"454","Movie","Anime, Comedy, Drama",1
"455","Movie","Anime, Kids, Science Fiction",1
"456","Movie","Arthouse, Arts, Entertainment, and Culture",1
"457","Movie","Arthouse, Arts, Entertainment, and Culture, Horror",1
"458","Movie","Arthouse, Comedy, Documentary",1
"459","Movie","Arthouse, Comedy, International",1
"460","Movie","Arthouse, Comedy, LGBTQ",1
"461","Movie","Arthouse, Comedy, Romance",1
"462","Movie","Arthouse, Comedy, Science Fiction",1
"463","Movie","Arthouse, Comedy, Special Interest",1
"464","Movie","Arthouse, Documentary, Music Videos and Concerts",1
"465","Movie","Arthouse, Documentary, Special Interest",1
"466","Movie","Arthouse, Drama, Horror",1
"467","Movie","Arthouse, Drama, International",1
"468","Movie","Arthouse, Drama, Kids",1
"469","Movie","Arthouse, Drama, Science Fiction",1
"470","Movie","Arthouse, Horror",1
"471","Movie","Arthouse, Horror, International",1
"472","Movie","Arthouse, Horror, Romance",1
"473","Movie","Arthouse, LGBTQ, Suspense",1
"474","Movie","Arthouse, Romance",1
"475","Movie","Arthouse, Young Adult Audience",1
"476","Movie","Arts, Entertainment, and Culture, Comedy, Faith and Spirituality",1
"477","Movie","Arts, Entertainment, and Culture, Comedy, Horror",1
"478","Movie","Arts, Entertainment, and Culture, Comedy, International",1
"479","Movie","Arts, Entertainment, and Culture, Comedy, Kids",1
"480","Movie","Arts, Entertainment, and Culture, Comedy, Military and War",1
"481","Movie","Arts, Entertainment, and Culture, Comedy, Suspense",1
"482","Movie","Arts, Entertainment, and Culture, Comedy, Young Adult Audience",1
"483","Movie","Arts, Entertainment, and Culture, Documentary, International",1
"484","Movie","Arts, Entertainment, and Culture, Documentary, LGBTQ",1
"485","Movie","Arts, Entertainment, and Culture, Documentary, Music Videos and Concerts",1
"486","Movie","Arts, Entertainment, and Culture, Drama, Horror",1
"487","Movie","Arts, Entertainment, and Culture, Drama, Music Videos and Concerts",1
"488","Movie","Arts, Entertainment, and Culture, Drama, Science Fiction",1
"489","Movie","Arts, Entertainment, and Culture, Drama, Western",1
"490","Movie","Arts, Entertainment, and Culture, Fantasy, Horror",1
"491","Movie","Arts, Entertainment, and Culture, Fantasy, Kids",1
"492","Movie","Arts, Entertainment, and Culture, Fantasy, Science Fiction",1
"493","Movie","Arts, Entertainment, and Culture, International",1
"494","Movie","Arts, Entertainment, and Culture, LGBTQ",1
"495","Movie","Arts, Entertainment, and Culture, LGBTQ, Romance",1
"496","Movie","Arts, Entertainment, and Culture, Music Videos and Concerts, Special Interest",1
"497","Movie","Arts, Entertainment, and Culture, Young Adult Audience",1
"498","Movie","Comedy, Drama, Faith and Spirituality",1
"499","Movie","Comedy, Drama, Fantasy",1
"500","Movie","Comedy, Drama, Military and War",1
"501","Movie","Comedy, Drama, Music Videos and Concerts",1
"502","Movie","Comedy, Faith and Spirituality, Kids",1
"503","Movie","Comedy, Fantasy, Young Adult Audience",1
"504","Movie","Comedy, Historical",1
"505","Movie","Comedy, Horror, Romance",1
"506","Movie","Comedy, Horror, Young Adult Audience",1
"507","Movie","Comedy, International, LGBTQ",1
"508","Movie","Comedy, International, Young Adult Audience",1
"509","Movie","Comedy, Kids, LGBTQ",1
"510","Movie","Comedy, Military and War, Suspense",1
"511","Movie","Comedy, Romance, Special Interest",1
"512","Movie","Comedy, Unscripted",1
"513","Movie","Documentary, Faith and Spirituality, Music Videos and Concerts",1
"514","Movie","Documentary, Horror, Special Interest",1
"515","Movie","Documentary, Kids",1
"516","Movie","Documentary, LGBTQ, Music Videos and Concerts",1
"517","Movie","Documentary, Military and War",1
"518","Movie","Documentary, Music Videos and Concerts, Special Interest",1
"519","Movie","Documentary, Special Interest, Suspense",1
"520","Movie","Documentary, Talk Show and Variety",1
"521","Movie","Drama, Faith and Spirituality, LGBTQ",1
"522","Movie","Drama, Faith and Spirituality, Suspense",1
"523","Movie","Drama, Fantasy, Sports",1
"524","Movie","Drama, Fantasy, Suspense",1
"525","Movie","Drama, Historical, International",1
"526","Movie","Drama, Historical, Suspense",1
"527","Movie","Drama, Horror, International",1
"528","Movie","Drama, Horror, Romance",1
"529","Movie","Drama, Horror, Special Interest",1
"530","Movie","Drama, International, Special Interest",1
"531","Movie","Drama, International, Western",1
"532","Movie","Drama, Kids, LGBTQ",1
"533","Movie","Drama, Kids, Suspense",1
"534","Movie","Drama, Military and War, Suspense",1
"535","Movie","Drama, Special Interest, Sports",1
"536","Movie","Drama, Suspense, Western",1
"537","Movie","Faith and Spirituality, Kids, Special Interest",1
"538","Movie","Faith and Spirituality, Kids, Western",1
"539","Movie","Faith and Spirituality, Music Videos and Concerts",1
"540","Movie","Faith and Spirituality, Special Interest, Western",1
"541","Movie","Fantasy, Horror",1
"542","Movie","Fantasy, Kids, Suspense",1
"543","Movie","Historical, Horror, Western",1
"544","Movie","Horror, International, Science Fiction",1
"545","Movie","Horror, International, Suspense",1
"546","Movie","Horror, Romance, Science Fiction",1
"547","Movie","Horror, Romance, Suspense",1
"548","Movie","Horror, Romance, Western",1
"549","Movie","Horror, Western",1
"550","Movie","International, LGBTQ, Suspense",1
"551","Movie","International, Science Fiction, Suspense",1
"552","Movie","Kids, Special Interest, Sports",1
"553","Movie","Kids, Young Adult Audience",1
"554","Movie","LGBTQ, Romance, Sports",1
"555","Movie","LGBTQ, Special Interest",1
"556","Movie","LGBTQ, Suspense",1
"557","Movie","Military and War",1
"558","Movie","Romance, Science Fiction, Suspense",1
"559","Movie","Romance, Science Fiction, Western",1
"560","Movie","Romance, Suspense, Western",1
"561","Movie","Special Interest, Sports",1
"562","Movie","Special Interest, Suspense",1
"563","TV Show","Action, Adventure, Animation",1
"564","TV Show","Action, Adventure, Documentary",1
"565","TV Show","Action, Adventure, International",1
"566","TV Show","Action, Adventure, Science Fiction",1
"567","TV Show","Action, Anime, Comedy",1
"568","TV Show","Action, Anime, International",1
"569","TV Show","Action, Anime, Kids",1
"570","TV Show","Action, Arts, Entertainment, and Culture, Drama",1
"571","TV Show","Action, Comedy, Kids",1
"572","TV Show","Action, Comedy, Science Fiction",1
"573","TV Show","Action, Documentary, Sports",1
"574","TV Show","Action, Documentary, Unscripted",1
"575","TV Show","Action, Drama, Historical",1
"576","TV Show","Action, Drama, Military and War",1
"577","TV Show","Action, Fantasy",1
"578","TV Show","Action, Horror",1
"579","TV Show","Action, Romance",1
"580","TV Show","Action, Romance, Science Fiction",1
"581","TV Show","Action, Special Interest, Sports",1
"582","TV Show","Action, Suspense",1
"583","TV Show","Action, Suspense, Unscripted",1
"584","TV Show","Action, Unscripted",1
"585","TV Show","Action, Western",1
"586","TV Show","Adventure",1
"587","TV Show","Adventure, Comedy, Unscripted",1
"588","TV Show","Adventure, Documentary, Military and War",1
"589","TV Show","Adventure, Drama",1
"590","TV Show","Adventure, Drama, Fantasy",1
"591","TV Show","Adventure, Drama, Suspense",1
"592","TV Show","Adventure, Fantasy",1
"593","TV Show","Adventure, Sports",1
"594","TV Show","Animation, Anime, Drama",1
"595","TV Show","Animation, Anime, Fantasy",1
"596","TV Show","Animation, Anime, Horror",1
"597","TV Show","Animation, Comedy, Science Fiction",1
"598","TV Show","Animation, Drama",1
"599","TV Show","Animation, Kids, Suspense",1
"600","TV Show","Animation, Young Adult Audience",1
"601","TV Show","Anime, Drama",1
"602","TV Show","Anime, Drama, Sports",1
"603","TV Show","Anime, International, Kids",1
"604","TV Show","Arthouse, Arts, Entertainment, and Culture, Documentary",1
"605","TV Show","Arts, Entertainment, and Culture, Comedy, Drama",1
"606","TV Show","Arts, Entertainment, and Culture, Comedy, Special Interest",1
"607","TV Show","Arts, Entertainment, and Culture, Comedy, Talk Show and Variety",1
"608","TV Show","Arts, Entertainment, and Culture, Documentary",1
"609","TV Show","Arts, Entertainment, and Culture, Documentary, LGBTQ",1
"610","TV Show","Arts, Entertainment, and Culture, International, Unscripted",1
"611","TV Show","Arts, Entertainment, and Culture, Kids",1
"612","TV Show","Arts, Entertainment, and Culture, Special Interest, Unscripted",1
"613","TV Show","Comedy, Documentary",1
"614","TV Show","Comedy, Documentary, Drama",1
"615","TV Show","Comedy, Documentary, Special Interest",1
"616","TV Show","Comedy, Drama, Fantasy",1
"617","TV Show","Comedy, Drama, International",1
"618","TV Show","Comedy, Drama, Young Adult Audience",1
"619","TV Show","Comedy, Historical",1
"620","TV Show","Comedy, Horror, Kids",1
"621","TV Show","Comedy, International, Romance",1
"622","TV Show","Comedy, International, Special Interest",1
"623","TV Show","Comedy, Kids, Talk Show and Variety",1
"624","TV Show","Comedy, LGBTQ, Romance",1
"625","TV Show","Documentary, Drama, Faith and Spirituality",1
"626","TV Show","Documentary, Drama, Horror",1
"627","TV Show","Documentary, Drama, Kids",1
"628","TV Show","Documentary, Drama, LGBTQ",1
"629","TV Show","Documentary, Drama, Sports",1
"630","TV Show","Documentary, Horror",1
"631","TV Show","Documentary, Horror, Special Interest",1
"632","TV Show","Documentary, Horror, Suspense",1
"633","TV Show","Documentary, International",1
"634","TV Show","Documentary, International, Special Interest",1
"635","TV Show","Documentary, Kids, Science Fiction",1
"636","TV Show","Documentary, LGBTQ, Music Videos and Concerts",1
"637","TV Show","Documentary, LGBTQ, Special Interest",1
"638","TV Show","Documentary, Military and War, Special Interest",1
"639","TV Show","Documentary, Music Videos and Concerts, Special Interest",1
"640","TV Show","Documentary, Science Fiction",1
"641","TV Show","Documentary, Suspense, Unscripted",1
"642","TV Show","Drama, Faith and Spirituality",1
"643","TV Show","Drama, Faith and Spirituality, Special Interest",1
"644","TV Show","Drama, Fantasy, Historical",1
"645","TV Show","Drama, Fantasy, Science Fiction",1
"646","TV Show","Drama, Historical, International",1
"647","TV Show","Drama, Historical, Romance",1
"648","TV Show","Drama, Historical, Suspense",1
"649","TV Show","Drama, Horror, Young Adult Audience",1
"650","TV Show","Drama, International, Romance",1
"651","TV Show","Drama, International, Sports",1
"652","TV Show","Drama, Kids",1
"653","TV Show","Drama, Kids, Western",1
"654","TV Show","Drama, LGBTQ, Unscripted",1
"655","TV Show","Drama, Romance, Suspense",1
"656","TV Show","Drama, Special Interest, Suspense",1
"657","TV Show","Drama, Special Interest, Unscripted",1
"658","TV Show","Drama, Suspense, Young Adult Audience",1
"659","TV Show","Drama, Unscripted",1
"660","TV Show","Drama, Unscripted, Young Adult Audience",1
"661","TV Show","Faith and Spirituality, Kids, Special Interest",1
"662","TV Show","Fantasy, Horror, International",1
"663","TV Show","Fantasy, Kids",1
"664","TV Show","Fitness",1
"665","TV Show","Fitness, Kids",1
"666","TV Show","Fitness, Kids, Special Interest",1
"667","TV Show","Horror, Romance, Science Fiction",1
"668","TV Show","Horror, Science Fiction, Suspense",1
"669","TV Show","International, Music Videos and Concerts, Unscripted",1
"670","TV Show","International, Special Interest",1
"671","TV Show","International, Sports",1
"672","TV Show","International, Suspense",1
"673","TV Show","Kids, LGBTQ, Romance",1
"674","TV Show","Kids, Special Interest, Unscripted",1
"675","TV Show","LGBTQ",1
"676","TV Show","LGBTQ, Romance",1
"677","TV Show","LGBTQ, Special Interest, Unscripted",1
"678","TV Show","Romance, Science Fiction",1
"679","TV Show","Romance, Science Fiction, Western",1
"680","TV Show","Science Fiction, Suspense, Unscripted",1
"681","TV Show","Special Interest, Suspense",1
"682","TV Show","Special Interest, Talk Show and Variety, Unscripted",1
"683","TV Show","Special Interest, Western",1
"684","TV Show","Young Adult Audience",1
