"","negative","positive"
"abnormal",3,2
"abominable",2,2
"abound",2,3
"abruptly",7,2
"absence",7,2
"absurd",10,2
"absurdity",2,2
"abundance",2,2
"abuse",29,2
"abused",10,2
"abuses",1,2
"abusive",24,2
"abyss",9,2
"accidental",11,2
"acclaim",2,3
"acclaimed",2,50
"accolade",2,1
"accomplish",2,12
"accomplished",2,7
"accomplishments",2,2
"accurate",2,5
"accusations",4,2
"accuse",1,2
"accuses",1,2
"acerbic",3,2
"achievement",2,1
"achievements",2,5
"acumen",2,1
"adaptable",2,1
"addict",10,2
"addicted",14,2
"addicting",1,2
"addicts",3,2
"admirable",2,1
"admiration",2,2
"admirer",2,2
"adorable",2,9
"adore",2,4
"adored",2,3
"adoring",2,3
"adulteration",2,2
"advanced",2,8
"advantage",2,11
"advantages",2,1
"adventurous",2,14
"adversary",5,2
"adverse",2,2
"adversity",5,2
"advocate",2,2
"advocated",2,1
"advocates",2,2
"affable",2,2
"affection",2,12
"affectionate",2,2
"affluent",2,4
"afford",2,10
"affordable",2,3
"afraid",17,2
"aggravation",1,2
"aggression",2,2
"aggressive",10,2
"agile",2,1
"agonizing",1,2
"agony",2,2
"ailing",4,2
"ailment",1,2
"aimless",4,2
"alarm",1,2
"alarmed",1,2
"alarming",4,2
"alienated",4,2
"allegation",1,2
"allegations",4,2
"allege",1,2
"allergic",3,2
"alluring",2,5
"aloof",2,2
"altercation",1,2
"amazed",2,1
"amazes",2,1
"amazing",2,71
"amazingly",2,1
"ambiguous",2,2
"ambitious",2,38
"ambivalence",1,2
"ambush",1,2
"amiable",2,2
"amicable",2,1
"amicably",2,1
"amiss",2,2
"ample",2,1
"amputate",1,2
"amuse",2,1
"amusing",2,7
"anarchist",1,2
"anarchy",3,2
"angel",2,33
"angelic",2,1
"anger",24,2
"angry",20,2
"animosity",3,2
"annihilate",1,2
"annoy",5,2
"annoyed",3,2
"annoying",8,2
"anomaly",2,2
"antagonist",2,2
"antiquated",1,2
"anxieties",3,2
"anxiety",9,2
"anxious",9,2
"anxiously",2,2
"apathetic",1,2
"apathy",1,2
"apocalypse",18,2
"apocalyptic",14,2
"appalling",2,2
"appeal",2,3
"appealing",2,2
"applaud",2,1
"appreciate",2,4
"appreciated",2,1
"apprehension",1,2
"appropriate",2,4
"approval",2,5
"approve",2,5
"archaic",2,2
"ardent",2,1
"arduous",5,2
"arrogance",3,2
"arrogant",14,2
"ashamed",1,2
"aspiration",2,1
"aspirations",2,13
"aspire",2,2
"assassin",22,2
"assassinate",7,2
"assault",12,2
"assurance",2,1
"astonishing",2,8
"astounding",2,3
"atrocious",2,2
"atrocities",4,2
"attack",67,2
"attacks",23,2
"attraction",2,20
"attractive",2,20
"audacious",2,2
"audaciously",1,2
"austere",1,2
"authentic",2,14
"authoritarian",2,2
"authoritative",2,2
"autonomous",2,1
"available",2,36
"avalanche",1,2
"avenge",35,2
"aversion",1,2
"avid",2,2
"award",2,179
"awarded",2,4
"awards",2,25
"awe",2,6
"awesome",2,49
"awesomely",2,1
"awful",6,2
"awkward",18,2
"awkwardness",4,2
"ax",2,2
"backbone",2,3
"backward",1,2
"backwoods",1,2
"bad",100,2
"badly",4,2
"baffled",3,2
"baffling",1,2
"bait",1,2
"balanced",2,2
"bankrupt",3,2
"barbarian",1,2
"barbaric",2,2
"bargain",2,3
"barren",5,2
"bash",1,2
"bastard",1,2
"battered",8,2
"beauteous",2,1
"beautiful",2,201
"beautifully",2,11
"beauty",2,61
"beckoning",2,1
"beckons",2,2
"beg",1,2
"beggar",4,2
"begging",1,2
"belated",1,2
"belie",1,2
"belligerent",2,2
"beloved",2,60
"beneficial",2,1
"benefit",2,8
"benefits",2,18
"bent",11,2
"beset",3,2
"best",2,405
"betray",5,2
"betrayal",35,2
"betrayals",2,2
"betrays",3,2
"better",2,76
"beware",1,2
"bewildered",1,2
"bewilderment",1,2
"biased",1,2
"biases",2,2
"bicker",1,2
"bickering",2,2
"bigotry",2,2
"biting",9,2
"bitingly",1,2
"bitter",17,2
"bitterly",2,2
"bitterness",2,2
"bizarre",39,2
"blackmail",16,2
"blah",3,2
"blame",5,2
"blasted",1,2
"bleak",7,2
"bleed",1,2
"blessing",2,1
"blind",33,2
"blinding",1,2
"bliss",2,2
"blistering",3,2
"blockbuster",2,6
"bloodshed",6,2
"bloodthirsty",11,2
"bloody",37,2
"bloom",2,2
"blossom",2,4
"blow",7,2
"blundering",1,2
"blunders",3,2
"blunt",2,2
"blur",4,2
"blurring",1,2
"blurs",2,2
"boastful",1,2
"bogus",1,2
"boil",3,2
"boiling",2,2
"boisterous",1,2
"bomb",20,2
"bombastic",2,2
"bonus",2,6
"boom",2,11
"booming",2,1
"boost",2,8
"bore",1,2
"bored",15,2
"boredom",3,2
"bores",1,2
"boring",8,2
"bother",1,2
"bothered",2,2
"bothersome",1,2
"boundless",2,3
"bountiful",2,1
"boycott",1,2
"brainy",2,4
"brash",6,2
"brat",3,2
"bravado",2,2
"brave",2,25
"bravery",2,7
"bravo",2,3
"brazen",1,2
"brazenly",1,2
"breach",1,2
"break",94,2
"breakdown",6,2
"breaking",30,2
"breaks",46,2
"breakthrough",2,5
"breakup",7,2
"breakups",1,2
"breathtaking",2,8
"breathtakingly",2,1
"bright",2,17
"brighter",2,4
"brightest",2,3
"brilliance",2,3
"brilliant",2,34
"brilliantly",2,3
"brimstone",1,2
"brittle",1,2
"broke",18,2
"broken",40,2
"brotherly",2,1
"brutal",73,2
"brutality",9,2
"brutalizing",1,2
"brutally",32,2
"brute",4,2
"bs",1,2
"buckle",3,2
"bug",5,2
"buggy",1,2
"bugs",5,2
"bullies",6,2
"bully",8,2
"bullying",9,2
"bum",77,2
"bump",4,2
"bumping",1,2
"bumps",3,2
"bungling",1,2
"burden",3,2
"burn",31,2
"burned",10,2
"burning",18,2
"burns",6,2
"bust",7,2
"busts",2,2
"butcher",5,2
"buzzing",1,2
"calamities",3,2
"calamity",4,2
"callous",1,2
"calm",2,12
"calming",2,13
"cancer",32,2
"cannibal",10,2
"capability",2,3
"capable",2,5
"capricious",1,2
"captivate",2,2
"captivating",2,10
"carefree",2,13
"caricature",1,2
"carnage",8,2
"carp",1,2
"cataclysmic",3,2
"catastrophe",11,2
"catastrophic",6,2
"catastrophically",2,2
"catchy",2,4
"caustic",4,2
"cautionary",3,2
"cave",12,2
"celebrate",2,40
"celebrated",2,21
"celebration",2,15
"celebratory",2,2
"chagrin",1,2
"challenging",36,2
"champ",2,5
"champion",2,38
"chaos",45,2
"chaotic",14,2
"charisma",2,5
"charismatic",2,21
"charm",2,21
"charming",2,31
"charmingly",2,2
"chatter",1,2
"cheap",7,2
"cheat",7,2
"cheated",7,2
"cheater",1,2
"cheating",17,2
"cheer",2,10
"cheerful",2,6
"cheesy",5,2
"cherish",2,1
"cherished",2,2
"chic",2,1
"childish",2,2
"chill",4,2
"chilly",1,2
"chivalry",2,1
"choke",1,2
"chore",1,2
"chronic",1,2
"chunky",1,2
"civilize",2,1
"clamorous",1,2
"clarity",2,1
"clash",29,2
"classic",2,220
"classy",2,2
"clean",2,30
"cleaner",2,4
"cleanest",2,1
"cleanliness",2,1
"clear",2,39
"clearly",2,2
"clears",2,4
"clever",2,13
"cleverly",2,2
"cliche",1,2
"clique",2,2
"clogged",1,2
"cloud",3,2
"clouding",1,2
"clueless",3,2
"clumsy",9,2
"cocky",2,2
"coerce",2,2
"coercion",1,2
"cold",50,2
"collapse",14,2
"colorful",2,46
"comfort",2,14
"comfortable",2,9
"comforting",2,1
"comical",9,2
"commitment",2,6
"compassion",2,7
"compassionate",2,5
"compatible",2,1
"competitive",2,12
"complains",1,2
"complementary",2,1
"complex",34,2
"compliant",2,1
"complicated",55,2
"complication",1,2
"compliment",2,1
"comprehensive",2,10
"compulsive",3,2
"conceited",2,2
"concern",3,2
"concerned",6,2
"concerns",1,2
"condemned",5,2
"confess",7,2
"confession",4,2
"confessions",2,2
"confidence",2,18
"confident",2,12
"confined",3,2
"conflict",34,2
"conflicted",4,2
"conflicting",1,2
"conflicts",12,2
"confront",47,2
"confrontation",7,2
"confrontational",1,2
"confused",16,2
"confusing",7,2
"confusion",9,2
"congenial",2,1
"congested",1,2
"cons",8,2
"conscientious",2,2
"conservative",12,2
"consistent",2,1
"consistently",2,2
"conspiracies",5,2
"conspiracy",29,2
"conspire",3,2
"consummate",2,2
"contagious",2,2
"contaminated",1,2
"contamination",2,2
"contempt",1,2
"contend",3,2
"contentious",1,2
"contentment",2,1
"contradict",1,2
"contradiction",1,2
"contribution",2,1
"contrived",1,2
"controversial",24,2
"controversy",8,2
"convenience",2,5
"convincing",2,7
"cool",2,22
"coolest",2,3
"cornerstone",2,2
"correct",2,6
"correctly",2,2
"corrosive",1,2
"corrupt",45,2
"corrupted",2,2
"corruption",29,2
"costly",1,2
"courage",2,31
"courageous",2,14
"courageously",2,3
"covenant",2,5
"coward",2,2
"cowardly",4,2
"cozy",2,6
"crack",10,2
"cracks",3,2
"crafty",4,2
"cramped",2,2
"cranky",1,2
"crap",1,2
"crash",44,2
"crashed",6,2
"crashes",19,2
"crashing",11,2
"craven",1,2
"craze",1,2
"crazily",1,2
"craziness",3,2
"crazy",38,2
"creative",2,27
"credible",2,5
"creep",1,2
"creeps",2,2
"creepy",15,2
"crime",214,2
"criminal",98,2
"crippled",9,2
"crippling",2,2
"crisis",60,2
"crisp",2,1
"critic",7,2
"critical",14,2
"criticisms",3,2
"criticized",1,2
"critics",6,2
"crook",9,2
"crooked",22,2
"crooks",9,2
"crowded",1,2
"crude",2,2
"cruel",23,2
"cruelly",3,2
"cruelty",2,2
"crumble",3,2
"crumbling",8,2
"crush",23,2
"crushed",1,2
"crushing",5,2
"cry",7,2
"culprit",5,2
"cure",2,19
"curse",29,2
"cursed",7,2
"cushy",2,3
"cute",2,30
"cutthroat",5,2
"cynical",8,2
"cynicism",3,2
"damage",6,2
"damaged",7,2
"damaging",2,2
"damnation",2,2
"damned",4,2
"damning",2,2
"damper",1,2
"danger",51,2
"dangerous",168,2
"daring",2,29
"dark",224,2
"darken",2,2
"darkened",1,2
"darker",18,2
"darkness",28,2
"darling",2,2
"dashing",2,6
"dastardly",1,2
"daunting",3,2
"dawn",2,17
"daze",2,2
"dazed",1,2
"dazzle",2,1
"dazzling",2,9
"dead",147,2
"deadbeat",2,2
"deadlock",1,2
"deadly",127,2
"deaf",14,2
"death",349,2
"debatable",1,2
"debauchery",5,2
"debilitating",3,2
"debt",32,2
"debts",8,2
"decadence",1,2
"decadent",1,2
"decay",1,2
"deceit",25,2
"deceitful",1,2
"deceive",1,2
"deceiving",1,2
"decent",2,5
"deception",12,2
"deceptive",3,2
"deceptively",3,2
"decisive",2,1
"decline",7,2
"declines",1,2
"declining",2,2
"decrepit",1,2
"dedicated",2,20
"defame",1,2
"defeat",2,38
"defeated",2,3
"defeating",2,8
"defeats",2,5
"defective",2,2
"defects",1,2
"defender",2,4
"defensive",4,2
"defiance",1,2
"defiant",5,2
"deficiencies",1,2
"defrauding",1,2
"deft",2,1
"defy",7,2
"degenerate",1,2
"degeneration",1,2
"dejected",2,2
"delay",2,2
"delayed",3,2
"delicacy",2,1
"delicate",2,4
"delicious",2,10
"delight",2,6
"delighted",2,1
"delightful",2,15
"delightfully",2,4
"delinquency",1,2
"delinquent",4,2
"delirious",1,2
"deluded",1,2
"delusion",4,2
"delusional",3,2
"delusions",1,2
"demise",10,2
"demon",23,2
"demonic",15,2
"denial",3,2
"denied",8,2
"denies",2,2
"dense",5,2
"deny",3,2
"deplorable",1,2
"depressed",11,2
"depressing",1,2
"depression",27,2
"deprived",2,2
"desert",41,2
"desertion",1,2
"deserving",2,1
"desirable",2,1
"desirous",2,1
"desolate",14,2
"despair",7,2
"desperate",92,2
"desperately",22,2
"desperation",5,2
"despicable",1,2
"despondent",1,2
"despot",2,2
"destiny",2,44
"destitute",8,2
"destroy",66,2
"destroyer",1,2
"destruction",34,2
"destructive",14,2
"deter",1,2
"deteriorate",1,2
"deteriorating",1,2
"detrimental",1,2
"devastate",1,2
"devastated",15,2
"devastates",1,2
"devastating",22,2
"devastation",2,2
"devil",12,2
"devilish",1,2
"devilishly",1,2
"devious",9,2
"devoid",1,2
"devout",2,4
"diabolical",6,2
"diametrically",2,2
"dick",19,2
"dictator",6,2
"dictatorial",1,2
"die",41,2
"died",35,2
"dies",50,2
"difficult",34,2
"difficulties",15,2
"difficulty",4,2
"dignity",2,4
"dilapidated",6,2
"dilemma",7,2
"diligence",2,2
"diligent",2,1
"diligently",2,2
"dim",2,2
"din",1,2
"ding",1,2
"diplomatic",2,4
"dire",5,2
"dirt",8,2
"dirtbag",1,2
"dirty",28,2
"disabled",1,2
"disadvantage",1,2
"disagree",1,2
"disagreement",2,2
"disappoint",3,2
"disappointed",4,2
"disappointing",1,2
"disappointment",2,2
"disappointments",1,2
"disappoints",1,2
"disapproval",2,2
"disarm",1,2
"disarray",3,2
"disaster",16,2
"disastrous",14,2
"discontent",2,2
"discord",2,2
"discouraging",1,2
"discredit",3,2
"discrimination",8,2
"discriminatory",1,2
"disgrace",3,2
"disgraced",14,2
"disgruntled",3,2
"disgust",2,2
"disgusted",2,2
"disgusting",1,2
"dishonest",1,2
"disillusioned",12,2
"disintegration",1,2
"disinterest",1,2
"disinterested",1,2
"dislike",1,2
"dismal",1,2
"dismay",4,2
"disobedient",1,2
"disobey",1,2
"disorder",14,2
"dispirited",1,2
"displaced",3,2
"disprove",2,2
"dispute",10,2
"disquiet",1,2
"disrespect",1,2
"disrespecting",1,2
"disrupt",5,2
"disruption",2,2
"disruptive",1,2
"dissatisfied",3,2
"dissent",1,2
"dissolution",2,2
"distinction",2,1
"distinctive",2,4
"distinguished",2,4
"distorted",3,2
"distract",2,2
"distracting",1,2
"distraught",5,2
"distress",4,2
"distressed",4,2
"distrust",1,2
"disturbance",2,2
"disturbed",15,2
"disturbing",22,2
"divergent",1,2
"divine",2,6
"dominate",2,5
"dominated",2,10
"dominates",2,1
"domineering",1,2
"doom",5,2
"doomed",13,2
"doomsday",3,2
"dope",2,2
"doubt",13,2
"doubts",6,2
"douchebag",1,2
"downfall",5,2
"downhill",2,2
"downsides",1,2
"drab",1,2
"draconian",1,2
"drag",9,2
"dragged",8,2
"dragging",2,2
"drags",5,2
"drain",2,2
"drains",1,2
"drastic",4,2
"drastically",7,2
"dread",2,2
"dreadful",2,2
"dripping",1,2
"drones",3,2
"dropout",6,2
"drought",4,2
"drowning",3,2
"drunk",12,2
"drunken",10,2
"dubious",6,2
"dull",2,2
"dumb",17,2
"dump",10,2
"dumped",10,2
"dumps",3,2
"dungeon",3,2
"dungeons",1,2
"durable",2,1
"dust",6,2
"dusty",5,2
"dwindling",2,2
"dying",46,2
"dynamic",2,17
"eager",2,12
"earnest",2,2
"ease",2,7
"easier",2,11
"easy",2,43
"eccentric",50,2
"economical",2,2
"ecstasy",2,1
"ecstatic",2,1
"educated",2,8
"effective",2,8
"effectively",2,2
"efficient",2,13
"efficiently",2,6
"effortless",2,1
"egocentric",1,2
"elan",2,3
"elegantly",2,2
"elevate",2,1
"elimination",2,2
"elite",2,40
"embarrass",1,2
"embarrassing",4,2
"embarrassment",3,2
"embroiled",13,2
"emergency",15,2
"eminent",2,3
"empathy",2,5
"empowerment",2,5
"emptiness",2,2
"enchant",2,1
"enchanted",2,6
"enchanting",2,6
"enchantingly",2,2
"encouragement",2,1
"encouraging",2,1
"encroachment",1,2
"endanger",2,2
"endearing",2,3
"enemies",24,2
"enemy",41,2
"energetic",2,13
"engaging",2,27
"engrossing",2,2
"engulf",2,2
"enhance",2,8
"enhanced",2,8
"enhances",2,1
"enjoy",2,165
"enjoyable",2,5
"enjoyed",2,2
"enjoying",2,7
"enjoyment",2,1
"enjoys",2,10
"enlighten",2,1
"enlightenment",2,3
"enmity",1,2
"enough",2,55
"enraged",3,2
"enraptured",2,1
"enrich",2,1
"entangle",2,2
"enterprising",2,1
"entertain",2,8
"entertaining",2,34
"entertains",2,4
"enthralled",2,1
"enthusiasm",2,4
"enthusiast",2,6
"enthusiastic",2,5
"entice",2,2
"enticing",2,2
"entranced",2,1
"entrust",2,1
"enviable",2,1
"envious",3,3
"envy",2,4
"epidemic",13,2
"erase",6,2
"erodes",1,2
"erratic",2,2
"erratically",1,2
"error",4,2
"errors",4,2
"eruptions",1,2
"estranged",63,2
"ethical",2,2
"evade",6,2
"eventful",2,1
"everlasting",2,2
"evil",159,2
"evils",2,2
"evocative",2,2
"exasperating",1,2
"exceed",2,1
"exceeds",2,1
"excellence",2,7
"excellent",2,11
"excels",2,1
"exceptional",2,8
"exceptionally",2,2
"excessive",3,2
"excited",2,12
"excitedly",2,1
"excitement",2,19
"exciting",2,67
"excitingly",2,1
"excuses",2,2
"exhausted",6,2
"exhaustion",4,2
"exhilarating",2,5
"exhort",1,2
"exile",9,2
"exonerate",2,1
"expansive",2,1
"expel",1,2
"expensive",9,2
"expertly",2,4
"explode",2,2
"exploit",4,2
"exploitation",3,2
"explosive",23,2
"exquisite",2,1
"exquisitely",2,1
"exterminate",1,2
"extermination",4,2
"extort",4,2
"extortion",1,2
"extraordinarily",2,1
"extraordinary",2,68
"extravagant",5,2
"exuberant",2,3
"fabulous",2,10
"fabulously",2,1
"fail",10,2
"failed",31,2
"failing",9,2
"fails",22,2
"failure",6,2
"failures",5,2
"faint",2,2
"fair",2,15
"fairly",2,2
"fairness",2,1
"faith",2,86
"faithful",2,4
"faithfulness",2,1
"fake",29,2
"fall",141,2
"fallen",23,2
"falling",40,2
"fallout",1,2
"falls",265,2
"false",9,2
"falsely",15,2
"fame",2,43
"famed",2,24
"famine",2,2
"famous",2,153
"famously",2,3
"fanatic",2,2
"fanatical",5,2
"fanatics",4,2
"fancy",2,2
"fans",2,52
"fantastic",2,18
"fantastically",2,2
"farce",3,2
"farcical",1,2
"fascinating",2,34
"fascination",2,3
"fast",2,72
"faster",2,8
"fastest",2,9
"fastidious",1,2
"fat",12,2
"fatal",8,2
"fatalistic",1,2
"fatally",3,2
"fateful",15,2
"fatefully",3,2
"fault",2,2
"faults",2,2
"fav",2,1
"fave",2,1
"favor",2,2
"favorite",2,102
"favour",2,2
"fear",53,2
"fearful",4,2
"fearless",2,16
"fears",42,2
"fearsome",1,2
"feat",2,5
"feisty",2,11
"felicity",2,2
"fell",11,2
"ferociously",1,2
"ferocity",1,2
"fertile",2,1
"fervent",2,1
"fervor",2,1
"festive",2,9
"fever",6,2
"feverish",1,2
"fickle",1,2
"fiction",15,2
"fictional",18,2
"fidelity",2,1
"fiendish",1,2
"fierce",27,2
"fiery",2,8
"filthy",2,2
"fine",2,17
"finely",2,1
"finer",2,1
"finest",2,11
"fist",7,2
"flagging",1,2
"flair",3,2
"flare",1,2
"flashy",2,1
"flaw",1,2
"flawed",1,2
"flaws",2,2
"flee",16,2
"fleeing",4,2
"flees",7,2
"fleeting",1,2
"flexibility",2,6
"flexible",2,1
"flimsy",2,2
"flirt",1,2
"floundering",1,2
"flourish",2,3
"flourishing",2,2
"fluent",2,1
"foe",11,2
"fond",2,4
"fondly",2,4
"fool",5,2
"fooled",2,2
"foolproof",2,1
"forbidden",16,2
"forbidding",1,2
"forfeit",1,2
"forged",3,2
"formidable",2,8
"forsaken",1,2
"fortitude",2,1
"fortuitous",2,1
"fortunate",2,2
"fortunately",2,1
"fortune",2,32
"foul",9,2
"fractious",1,2
"fracture",1,2
"fragile",8,2
"fragmented",1,2
"frantic",4,2
"frantically",3,2
"fraud",12,2
"fraught",5,2
"freak",11,2
"freaks",4,2
"free",2,72
"freed",2,4
"freedom",2,50
"freedoms",2,1
"freeze",2,2
"freezes",1,2
"freezing",3,2
"frenetic",2,2
"frenzied",1,2
"frenzy",2,2
"fresh",2,38
"friction",1,2
"fried",1,2
"friendly",2,17
"fright",5,2
"frightening",11,2
"frightful",1,2
"frigid",2,2
"frolic",2,1
"frost",3,2
"frozen",12,2
"fruitless",1,2
"frustrated",10,2
"frustration",7,2
"frustrations",3,2
"fugitive",12,2
"fulfillment",2,2
"fumes",1,2
"fun",2,328
"funky",1,2
"funny",101,2
"furious",12,2
"furiously",2,2
"fury",7,2
"fuss",1,2
"fussy",2,2
"futile",1,2
"futuristic",2,3
"fuzzy",3,2
"gain",2,24
"gained",2,12
"gaining",2,5
"gains",2,8
"gallantly",2,1
"galore",2,5
"gangster",75,2
"garbage",8,2
"gasp",3,2
"gauche",1,2
"geeky",2,2
"gem",2,5
"gems",2,6
"generosity",2,1
"generous",2,3
"genius",2,37
"gentle",2,9
"genuine",2,7
"ghastly",3,2
"ghetto",4,2
"gifted",2,18
"gladden",2,1
"gladly",2,1
"glamorous",2,12
"glare",1,2
"glee",2,3
"gleefully",2,1
"glimmer",2,3
"glitter",2,2
"glitz",2,1
"gloom",2,2
"gloomy",1,2
"glorious",2,11
"glory",2,24
"glow",2,7
"glowing",2,2
"godlike",2,1
"gold",2,75
"golden",2,39
"good",2,167
"goodness",2,1
"goofy",6,2
"goon",3,2
"gorgeous",2,11
"gossip",3,2
"grace",2,16
"grainy",1,2
"grand",2,35
"grandeur",2,1
"grapple",3,2
"grateful",2,5
"gratitude",2,2
"gravely",1,2
"greasy",2,2
"great",2,193
"greatest",2,91
"greatness",2,2
"greed",21,2
"greedy",15,2
"grief",16,2
"grieve",1,2
"grieving",13,2
"grievously",1,2
"grim",4,2
"grind",2,2
"grisly",6,2
"gritty",21,2
"gross",4,2
"grossly",1,2
"grotesque",1,2
"groundbreaking",2,26
"grudge",5,2
"grudges",1,2
"grudgingly",1,2
"gruesome",15,2
"gruesomely",1,2
"grumble",1,2
"grumpier",1,2
"grumpily",1,2
"grumpy",6,2
"guarantee",2,1
"guidance",2,8
"guile",1,2
"guilt",20,2
"guilty",13,2
"gush",2,1
"gutsy",2,1
"hack",2,2
"hacks",2,2
"hail",2,4
"hale",2,3
"hallmark",2,1
"hallucination",1,2
"handicapped",2,2
"handsome",2,38
"handy",2,2
"hang",10,2
"hangs",3,2
"haphazard",1,2
"hapless",6,2
"happier",2,6
"happily",2,18
"happiness",2,44
"happy",2,97
"harass",1,2
"harassed",2,2
"harassment",4,2
"harboring",1,2
"harbors",4,2
"hard",102,2
"harden",3,2
"hardened",9,2
"hardship",4,2
"hardships",9,2
"hardy",2,5
"harm",5,2
"harmful",1,2
"harmless",2,3
"harmonious",2,2
"harmoniously",2,1
"harmony",2,5
"harrow",2,2
"harsh",18,2
"harshly",1,2
"hastily",4,2
"hasty",1,2
"hate",18,2
"hated",2,2
"haters",1,2
"hates",12,2
"hating",2,2
"hatred",14,2
"haughty",1,2
"haunt",17,2
"haunting",18,2
"havoc",20,2
"haywire",3,2
"hazard",2,2
"hazardous",2,2
"haze",1,2
"hazy",4,2
"headaches",2,2
"heal",2,13
"healthy",2,20
"heartbreaker",1,2
"heartbreaking",9,2
"heartfelt",2,12
"heartily",2,1
"heartless",2,2
"heartwarming",2,13
"heaven",2,18
"heavenly",2,6
"heckle",1,2
"heckled",1,2
"heckles",1,2
"hectic",1,2
"hedonistic",1,2
"hefty",4,2
"heinous",1,2
"hell",46,2
"helped",2,22
"helpful",2,6
"helping",2,46
"helpless",7,2
"heresy",1,2
"heretic",1,2
"hero",2,97
"heroic",2,15
"heroically",2,5
"heroine",2,12
"hideous",3,2
"hilarious",2,141
"hinder",1,2
"hiss",1,2
"hoard",2,2
"hoax",1,2
"hollow",4,2
"holy",2,14
"homage",2,1
"honest",2,46
"honesty",2,7
"honor",2,23
"honorable",2,2
"honored",2,1
"honoring",2,2
"hooligan",1,2
"hopeful",2,11
"hopeless",6,2
"hopelessly",4,2
"horde",3,2
"horrible",16,2
"horrific",36,2
"horrified",4,2
"horrifying",14,2
"hostage",22,2
"hostile",13,2
"hostility",5,2
"hot",2,53
"hotheaded",1,2
"hottest",2,10
"huckster",1,2
"hug",2,1
"hum",3,2
"humble",2,28
"humiliating",4,2
"humiliation",8,2
"humor",2,51
"humorous",2,21
"humour",2,14
"hung",5,2
"hurt",12,2
"hurting",2,2
"hurts",5,2
"hustler",3,2
"hype",1,2
"hypocrisy",1,2
"hysteria",6,2
"hysterical",6,2
"hysterically",1,2
"ideal",2,12
"ideally",2,1
"idiocy",1,2
"idiot",6,2
"idiots",1,2
"idle",1,2
"idol",2,11
"idolized",2,1
"idyllic",2,16
"ignorance",2,2
"ignore",10,2
"illegal",26,2
"illegally",7,2
"illegitimate",4,2
"illicit",5,2
"illiterate",2,2
"illness",25,2
"illogical",1,2
"illuminate",2,1
"illuminati",2,3
"illuminating",2,1
"illusion",4,2
"illusions",3,2
"illustrious",2,3
"imaginary",5,2
"imaginative",2,8
"immaculately",2,1
"immature",4,2
"immense",2,7
"imminently",1,2
"immobilized",1,2
"immoral",1,2
"impaired",3,2
"impatient",2,2
"impeccable",2,1
"impeccably",2,1
"impending",7,2
"imperfect",1,2
"imperfections",1,2
"imperious",1,2
"impetuous",1,2
"implicate",1,2
"impolite",2,2
"important",2,52
"impossible",22,2
"impossibly",2,2
"impotent",1,2
"impoverished",10,2
"impress",2,21
"impressed",2,4
"impresses",2,1
"impressive",2,4
"imprison",1,2
"imprisonment",5,2
"improbable",4,2
"improve",2,19
"improved",2,2
"improves",2,1
"improving",2,2
"impulsive",2,2
"impulsively",3,2
"inability",1,2
"inaccuracies",1,2
"inadequate",1,2
"inarticulate",2,2
"incendiary",1,2
"incite",1,2
"incompetence",2,2
"incompetent",4,2
"incomplete",1,2
"incomprehensible",1,2
"inconceivable",2,2
"inconsiderate",1,2
"incorrect",1,2
"incorrigible",2,2
"incredible",2,41
"incredibly",2,6
"indebted",2,2
"indifference",5,2
"indifferent",1,2
"indoctrinate",1,2
"indoctrination",1,2
"indulge",1,2
"indulgence",2,1
"industrious",2,1
"inept",4,2
"ineptitude",1,2
"inequality",5,2
"inescapable",2,2
"inevitable",8,2
"inevitably",5,2
"inexorable",1,2
"inexorably",1,2
"inexpensive",2,2
"inexperience",2,2
"inexperienced",4,2
"inextricably",4,2
"infallible",2,1
"infamous",36,2
"infamy",1,2
"infected",6,2
"infection",2,2
"inferior",1,2
"infested",9,2
"inflammation",2,2
"inflated",1,2
"inflexible",1,2
"influential",2,23
"ingenious",2,10
"ingenuity",2,3
"inglorious",1,2
"inhibit",11,2
"injure",1,2
"injury",20,2
"injustice",15,2
"injustices",2,2
"innocuous",2,1
"innovation",2,2
"innovative",2,10
"insane",20,2
"insanely",1,2
"insanity",7,2
"insatiable",1,2
"insecure",1,2
"insensitive",1,2
"insidious",3,2
"insightful",2,9
"insinuate",1,2
"inspiration",2,19
"inspirational",2,26
"inspire",2,11
"inspiring",2,39
"instability",2,2
"instantly",2,7
"instrumental",2,5
"insufferable",1,2
"insular",1,2
"insult",5,2
"insulted",4,2
"insults",2,2
"integral",2,4
"intelligence",2,28
"intelligent",2,13
"intense",32,2
"interesting",2,27
"interests",2,7
"interfere",8,2
"interrupt",2,2
"interruption",1,2
"intimacy",2,6
"intimate",2,39
"intimidate",1,2
"intimidating",1,2
"intolerable",1,2
"intolerance",4,2
"intricate",2,3
"intrigue",2,20
"intriguing",2,10
"intrusive",1,2
"inventive",2,3
"invincible",2,5
"invisible",8,2
"involuntarily",2,2
"involuntary",1,2
"irascible",1,2
"irate",1,2
"ire",1,2
"irked",1,2
"ironic",2,2
"ironically",1,2
"irrational",1,2
"irrationality",1,2
"irreparable",1,2
"irrepressible",5,2
"irresistible",2,4
"irresistibly",2,2
"irresponsible",1,2
"irreversible",3,2
"irritated",1,2
"irritating",1,2
"isolate",1,2
"isolated",37,2
"isolation",11,2
"issue",14,2
"issues",44,2
"itch",1,2
"itching",1,2
"jaded",5,2
"jam",5,2
"jealous",15,2
"jealousy",16,2
"jeopardy",7,2
"jerk",1,2
"jobless",5,2
"joke",11,2
"joker",2,2
"jolly",2,2
"jovial",2,2
"joy",2,33
"joyful",2,7
"joyous",2,4
"joyously",2,1
"jubilation",2,1
"jumpy",1,2
"junk",4,2
"junkyard",3,2
"keen",2,8
"kill",111,2
"killed",134,2
"killer",183,2
"killing",73,2
"kills",43,2
"kindly",2,6
"kindness",2,10
"knife",5,2
"knock",6,2
"knotted",1,2
"kooky",3,2
"lack",22,2
"lackeys",2,2
"lacking",3,2
"lackluster",1,2
"lacks",1,2
"lament",1,2
"lanky",1,2
"lapse",2,2
"lavish",2,10
"lavishly",2,1
"lawless",4,2
"lawlessness",1,2
"layoff",1,2
"lazy",7,2
"lead",2,127
"leading",2,87
"leads",2,141
"leaks",1,2
"lean",2,5
"lecherous",4,2
"led",2,76
"legendary",2,85
"lemon",3,2
"lengthy",2,2
"lethal",14,2
"lethargic",1,2
"lewd",2,2
"liability",1,2
"liberate",2,3
"liberation",2,4
"liberty",2,5
"licentiousness",1,2
"lie",19,2
"lied",4,2
"lies",44,2
"lifeless",2,2
"lighter",2,1
"likable",2,1
"like",2,350
"liked",2,4
"likes",2,21
"liking",2,3
"limit",5,2
"limitations",2,2
"limited",10,2
"limits",17,2
"listless",1,2
"lively",2,9
"loathing",2,2
"logical",2,1
"lone",16,2
"loneliness",7,2
"lonely",32,2
"loner",5,2
"lonesome",1,2
"longing",3,2
"loose",23,2
"loot",9,2
"lose",50,2
"loser",7,2
"losers",3,2
"loses",57,2
"losing",60,2
"loss",50,2
"losses",6,2
"lost",174,2
"loud",12,2
"louder",1,2
"lovable",2,17
"love",2,1035
"loved",2,72
"loveless",4,2
"lovelorn",3,2
"lovely",2,12
"lover",2,53
"loves",2,91
"loving",2,55
"lowly",4,2
"loyal",2,12
"loyalty",2,21
"lucid",2,3
"luck",2,37
"luckiest",2,1
"lucky",2,32
"lucrative",2,7
"lull",3,2
"lunatic",2,2
"lure",9,2
"lurid",1,2
"lurk",2,2
"lurking",11,2
"lush",2,4
"luxurious",2,7
"luxury",2,9
"lying",10,2
"lyrical",2,3
"macabre",7,2
"mad",34,2
"maddening",1,2
"madly",10,2
"madman",3,2
"madness",20,2
"magic",2,74
"magical",2,85
"magnificent",2,7
"majestic",2,5
"majesty",2,1
"malevolence",2,2
"malevolent",10,2
"malicious",8,2
"mangle",1,2
"mania",3,2
"maniac",2,2
"maniacal",4,2
"manic",3,2
"manipulate",6,2
"manipulation",4,2
"manipulative",9,2
"manipulators",1,2
"mar",1,2
"marvel",2,3
"marvelous",2,4
"marvelously",2,1
"marvels",2,2
"massacre",13,2
"master",2,68
"masterful",2,2
"masterfully",2,1
"masterpiece",2,12
"masterpieces",2,2
"masters",2,11
"mature",2,2
"maturity",2,1
"meaningful",2,4
"meaningless",1,2
"mediocre",3,2
"melancholy",2,2
"melodramatic",1,2
"memorable",2,13
"menace",6,2
"menacing",3,2
"menial",1,2
"merciless",10,2
"mercilessly",2,2
"mercy",2,8
"merit",2,1
"merry",2,4
"mesmerizing",2,5
"mess",10,2
"messes",1,2
"messing",1,2
"messy",7,2
"meticulous",2,4
"meticulously",2,2
"mighty",2,6
"miracle",2,11
"miracles",2,12
"miraculous",2,4
"miraculously",2,5
"mire",1,2
"miscellaneous",1,2
"mischief",6,2
"mischievous",17,2
"misconception",1,2
"misconceptions",1,2
"miscreant",1,2
"miscreants",2,2
"miser",1,2
"miserable",11,2
"miseries",1,2
"misery",8,2
"misfit",13,2
"misfortune",1,2
"misgivings",1,2
"misguided",2,2
"mishap",2,2
"mislead",1,2
"misleading",1,2
"miss",41,2
"missed",4,2
"misses",3,2
"mist",1,2
"mistake",15,2
"mistaken",14,2
"mistakenly",7,2
"mistakes",12,2
"mistress",32,2
"mistrust",1,2
"mists",2,2
"misunderstanding",4,2
"misunderstandings",8,2
"misunderstood",2,2
"misuse",1,2
"moan",1,2
"mobster",14,2
"mocks",3,2
"modern",2,124
"modest",2,1
"molest",2,2
"molestation",3,2
"momentous",2,1
"monster",84,2
"monstrous",7,2
"monstrously",1,2
"monumental",2,1
"moody",2,2
"morality",2,9
"morbid",1,2
"moronic",1,2
"morons",1,2
"motivated",2,3
"motley",1,2
"mourn",3,2
"mournful",1,2
"muddy",4,2
"mundane",5,2
"murder",336,2
"murderer",33,2
"murderous",34,2
"murderously",1,2
"murky",5,2
"mysterious",270,2
"mysteriously",32,2
"mystery",134,2
"myth",7,2
"naive",9,2
"nasty",3,2
"naughty",7,2
"neat",2,2
"neatly",2,1
"needy",4,2
"nefarious",5,2
"negative",5,2
"neglect",2,2
"neglected",5,2
"negligence",1,2
"nemesis",9,2
"nervous",8,2
"neurotic",5,2
"nice",2,19
"nicer",2,1
"nicest",2,1
"nightmare",50,2
"nightmarish",9,2
"nitpicking",1,2
"noble",2,4
"noise",14,2
"noises",6,2
"noisy",1,2
"nonexistent",2,2
"nonsense",8,2
"nosey",1,2
"notoriety",3,2
"notorious",59,2
"notoriously",1,2
"numb",1,2
"oasis",2,2
"obese",4,2
"object",8,2
"objections",2,2
"oblivious",1,2
"obnoxious",3,2
"obscene",2,2
"obscure",6,2
"obscured",1,2
"obsession",2,30
"obsessions",2,4
"obsessive",8,2
"obstacle",5,2
"obstinately",1,2
"obstruct",1,2
"obstructed",2,2
"obstructs",1,2
"odd",21,2
"odder",1,2
"oddities",2,2
"oddity",1,2
"oddly",2,2
"offender",4,2
"offensive",4,2
"ominous",8,2
"ominously",1,2
"onslaught",3,2
"openly",2,1
"openness",2,1
"opponent",8,2
"opportunistic",1,2
"oppose",3,2
"opposition",19,2
"oppression",4,2
"oppressive",5,2
"oppressors",1,2
"optimal",2,14
"optimism",2,1
"optimistic",2,7
"ordeal",7,2
"orderly",2,1
"orphan",25,2
"outbreak",8,2
"outcast",3,2
"outdo",2,1
"outlaw",14,2
"outrage",5,2
"outraged",1,2
"outrageous",27,2
"outrageously",4,2
"outshine",2,1
"outsider",8,2
"outsmart",2,3
"outstanding",2,8
"outwit",2,8
"overbearing",3,2
"overdue",4,2
"overjoyed",2,1
"overpower",1,2
"overrun",6,2
"overtake",2,2
"overtakes",2,1
"overthrow",4,2
"overweight",3,2
"overwhelm",1,2
"overwhelmed",5,2
"overwhelming",10,2
"overwhelmingly",1,2
"overzealous",2,2
"pain",30,2
"painful",14,2
"painfully",5,2
"pains",1,2
"palatial",2,1
"pale",1,2
"pales",1,2
"pamper",2,1
"pampered",2,1
"pan",4,2
"pandemonium",1,2
"panic",11,2
"panicked",1,2
"paradise",2,18
"paralyzed",7,2
"paramount",2,1
"paranoia",8,2
"paranoid",5,2
"parody",21,2
"partisan",3,2
"passion",2,51
"passionate",2,44
"passionately",2,1
"passive",1,2
"patience",2,3
"patient",2,15
"patriot",2,6
"patriotic",2,3
"pauper",2,2
"payback",2,2
"peace",2,81
"peaceful",2,26
"peacefully",2,2
"peculiar",6,2
"penalty",3,2
"pep",2,2
"perfect",2,93
"perfection",2,5
"perfectly",2,3
"peril",5,2
"perilous",15,2
"perilously",1,2
"perish",1,2
"permissible",2,2
"perplexing",2,2
"persecution",5,2
"perseverance",2,6
"persevere",2,1
"perverted",1,2
"perverts",1,2
"pessimistic",1,2
"pest",1,2
"petrified",1,2
"petty",13,2
"phenomenally",2,1
"phobia",2,2
"phobic",2,2
"phony",4,2
"picket",1,2
"picturesque",2,5
"piety",2,1
"pig",13,2
"pigs",2,2
"pinch",2,2
"pinnacle",2,4
"pity",4,2
"plague",9,2
"playful",2,15
"plea",1,2
"pleas",1,2
"pleasant",2,2
"pleased",2,4
"pleasing",2,2
"pleasure",2,12
"plentiful",2,1
"plight",8,2
"plot",64,2
"ploy",1,2
"plush",2,1
"poetic",2,4
"poignant",2,16
"pointless",1,2
"poised",2,2
"poison",6,2
"polished",2,3
"polite",2,2
"poor",48,2
"poorest",2,2
"poorly",6,2
"popular",2,121
"posh",2,1
"positive",2,16
"positively",2,2
"poverty",26,2
"powerful",2,123
"powerfully",2,1
"praise",2,4
"precarious",3,2
"precious",2,6
"precise",2,1
"precisely",2,1
"predatory",4,2
"predicament",4,2
"preferably",2,1
"preferring",2,1
"prefers",2,2
"prejudice",10,2
"prejudices",3,2
"premier",2,5
"preposterous",1,2
"prestigious",2,21
"pretence",1,2
"pretend",14,2
"pretty",2,29
"priceless",2,10
"pricey",2,2
"pride",2,9
"primitive",4,2
"principled",2,1
"prison",134,2
"prisoner",18,2
"privilege",2,4
"privileged",2,4
"prize",2,32
"problem",48,2
"problematic",2,2
"problems",72,2
"prodigious",2,2
"prodigy",2,8
"productive",2,2
"profane",2,2
"profanity",1,2
"profound",2,11
"profoundly",2,3
"progress",2,10
"progressive",2,4
"prolific",2,5
"prominence",2,3
"prominent",2,12
"promise",2,24
"promised",2,8
"promises",2,18
"promising",2,14
"promoter",2,6
"promptly",2,5
"propaganda",4,2
"proper",2,5
"properly",2,2
"pros",2,4
"prosperity",2,3
"prosperous",2,5
"protect",2,79
"protection",2,9
"protective",2,1
"protest",7,2
"protesting",1,2
"protests",3,2
"proud",2,10
"proven",2,3
"proves",2,27
"providence",2,1
"proving",2,11
"provocation",1,2
"provocative",9,2
"provoke",1,2
"prowess",2,2
"punch",7,2
"punish",2,2
"punk",14,2
"puppet",19,2
"puppets",9,2
"pure",2,11
"puzzled",2,2
"puzzling",2,2
"quack",3,2
"quaint",2,1
"qualified",2,1
"qualify",2,2
"queer",8,2
"questionable",5,2
"quiet",2,33
"rabid",2,2
"racism",19,2
"racist",7,2
"racy",1,2
"radical",10,2
"radically",2,2
"radicals",1,2
"rage",19,2
"ragged",1,2
"raging",7,2
"rail",1,2
"raked",1,2
"rampage",13,2
"rampant",6,2
"ramshackle",1,2
"randomly",2,2
"rape",13,2
"raped",16,2
"rapid",2,1
"raping",6,2
"rapture",2,4
"rascal",2,2
"rash",6,2
"rational",2,2
"ravage",1,2
"ready",2,69
"realistic",2,7
"reasonable",2,1
"rebellious",15,2
"recession",2,2
"reckless",5,2
"reclaim",2,12
"recommendations",2,1
"recommended",2,3
"reconcile",2,17
"reconciliation",2,3
"recover",2,22
"recovery",2,16
"rectify",2,1
"redeem",2,8
"redeeming",2,2
"redemption",2,29
"refined",2,2
"reform",2,7
"reformed",2,8
"reforming",2,1
"refreshed",2,4
"refreshing",2,2
"refusal",1,2
"refuse",7,2
"refused",2,2
"refuses",23,2
"refusing",5,2
"regal",2,2
"regard",2,2
"regression",1,2
"regret",5,2
"regrets",3,2
"reject",3,2
"rejected",10,2
"rejecting",2,2
"rejection",1,2
"rejects",6,2
"rejuvenate",2,1
"rejuvenated",2,1
"rejuvenating",2,2
"relapse",3,2
"relent",2,1
"relentless",11,2
"relentlessly",6,2
"reliable",2,1
"relief",2,4
"relish",2,1
"reluctance",1,2
"reluctant",14,2
"reluctantly",20,2
"remarkable",2,37
"remarkably",2,2
"remedy",2,3
"remorse",1,2
"renaissance",2,3
"renewed",2,4
"renown",2,4
"renowned",2,40
"renunciation",1,2
"repress",1,2
"reputable",2,1
"reputation",2,21
"resent",1,2
"resentful",3,2
"resentment",5,2
"resignation",1,2
"resigned",4,2
"resilient",2,1
"resistance",16,2
"resolute",2,1
"resourceful",2,3
"resourcefulness",2,2
"respect",2,20
"respectable",2,4
"restful",2,9
"restless",6,2
"restlessness",1,2
"restored",2,12
"restricted",2,2
"retaliate",2,2
"retarded",1,2
"retreat",12,2
"retreated",1,2
"revelation",2,14
"revenge",134,2
"revitalize",2,2
"revival",2,4
"revive",2,8
"revolt",9,2
"revolutionary",2,13
"revolutionize",2,1
"revolutionized",2,4
"reward",2,9
"rewarding",2,2
"rhetoric",1,2
"rhetorical",1,2
"rich",2,119
"richness",2,1
"ridicules",1,2
"ridiculous",11,2
"ridiculously",1,2
"rife",1,2
"rift",5,2
"right",2,86
"righteous",2,8
"righteously",2,1
"righteousness",2,1
"rightful",2,3
"rightfully",2,2
"rigid",1,2
"riled",1,2
"rip",4,2
"ripped",5,2
"risk",34,2
"risks",16,2
"risky",5,2
"rival",42,2
"rivalry",14,2
"roadblocks",1,2
"rocky",24,2
"rogue",19,2
"romantic",2,97
"romantically",2,3
"rosy",2,2
"rot",1,2
"rough",14,2
"rude",2,2
"rue",1,2
"ruffian",3,2
"ruin",16,2
"ruined",11,2
"ruining",4,2
"ruinous",1,2
"ruins",15,2
"rumor",2,2
"rumors",6,2
"runaway",13,2
"rusty",5,2
"rut",5,2
"ruthless",56,2
"ruthlessly",1,2
"ruthlessness",2,2
"sabotage",9,2
"sack",2,2
"sacrificed",5,2
"sad",11,2
"sadly",2,2
"sadness",6,2
"safe",2,41
"safely",2,7
"sag",1,2
"sagging",1,2
"saint",2,6
"saintly",2,1
"salacious",1,2
"salute",2,2
"sane",2,1
"sap",1,2
"sarcasm",1,2
"sarcastic",1,2
"sardonic",1,2
"sass",1,2
"satirical",2,2
"satisfied",2,1
"satisfies",2,1
"satisfy",2,2
"satisfying",2,2
"savage",22,2
"savages",1,2
"savings",2,4
"savior",2,3
"savvy",2,7
"scam",11,2
"scandal",23,2
"scandalous",6,2
"scandals",8,2
"scare",6,2
"scared",7,2
"scarred",3,2
"scars",2,2
"scary",28,2
"scathing",1,2
"scenic",2,7
"scorching",1,2
"scornful",1,2
"scoundrel",1,2
"scourge",1,2
"scramble",5,2
"scrambling",1,2
"scrap",3,2
"scratch",4,2
"scratches",1,2
"scream",1,2
"screwed",3,2
"scum",1,2
"seamless",2,2
"seasoned",2,6
"secretive",13,2
"secure",2,11
"seedy",11,2
"seething",2,2
"selective",2,1
"selfish",4,2
"selfishly",1,2
"selfishness",2,2
"senile",1,2
"sensation",2,13
"sensational",2,6
"sensations",2,1
"senseless",3,2
"sensible",2,1
"sensitive",2,9
"serene",2,3
"serenity",2,1
"servitude",1,2
"setback",1,2
"severe",9,2
"severity",1,2
"sexy",2,34
"shabby",1,2
"shadowy",5,2
"shady",9,2
"shake",11,2
"shaky",2,2
"shallow",1,2
"sham",1,2
"shambles",1,2
"shame",4,2
"shark",88,2
"sharp",2,20
"sharpest",2,1
"shatter",5,2
"shimmering",2,1
"shimmy",1,2
"shine",2,6
"shiny",2,2
"shipwreck",4,2
"shit",1,2
"shiver",1,2
"shock",14,2
"shocked",28,2
"shocking",68,2
"shockingly",4,2
"shortage",1,2
"shortcomings",3,2
"showdown",20,2
"shroud",1,2
"shrouded",3,2
"shun",1,2
"shunned",2,2
"sick",15,2
"sickly",5,2
"sickness",2,2
"siege",7,2
"significant",2,6
"silent",2,13
"silly",17,2
"simplest",2,1
"simplify",2,1
"simplistic",1,2
"sin",4,2
"sincere",2,6
"sincerity",2,1
"sinister",34,2
"sink",5,2
"sinking",1,2
"skeletons",10,2
"skepticism",1,2
"sketchy",2,2
"skill",2,14
"skilled",2,9
"skillful",2,1
"skillfully",2,1
"slap",2,2
"slashing",1,2
"slaughter",10,2
"slaughtered",2,2
"slave",17,2
"slaves",4,2
"sleazy",2,2
"sleek",2,1
"slick",2,1
"slime",3,2
"sloth",2,2
"slow",10,2
"slower",1,2
"slowly",25,2
"slump",1,2
"sly",1,2
"smack",1,2
"smart",2,31
"smarter",2,3
"smartest",2,2
"smash",5,2
"smell",3,2
"smells",2,2
"smelly",2,2
"smile",2,10
"smiles",2,1
"smiling",2,5
"smitten",2,4
"smoke",8,2
"smooth",2,6
"smoothly",2,2
"snag",1,2
"sneak",12,2
"sneaky",1,2
"snob",2,2
"snobbish",1,2
"snobby",3,2
"snobs",1,2
"sober",3,2
"sobering",1,2
"soft",2,9
"solace",2,9
"solemn",1,2
"solid",2,1
"solidarity",2,2
"soothe",2,2
"sophisticated",2,6
"sore",1,2
"sorely",1,2
"sorrow",2,2
"sorry",1,2
"soulful",2,2
"sour",3,2
"spacious",2,1
"spank",1,2
"sparkle",2,2
"sparkling",2,3
"spectacular",2,40
"spectacularly",2,2
"speedy",2,1
"spellbinding",2,1
"spewing",3,2
"spews",2,2
"spinster",1,2
"spirited",2,22
"spiritual",2,20
"spite",5,2
"splendidly",2,1
"splendor",2,5
"split",9,2
"splitting",2,2
"spoil",2,2
"spoiled",14,2
"spoils",1,2
"spontaneous",2,2
"spook",1,2
"spooky",25,2
"sporty",2,2
"sprightly",2,1
"squash",1,2
"squeaky",1,2
"stability",2,8
"stable",2,5
"staid",2,2
"stain",1,2
"stall",1,2
"stalls",2,2
"stampede",1,2
"standout",2,2
"standstill",2,2
"starkly",1,2
"startling",7,2
"startlingly",1,2
"starvation",1,2
"stately",2,1
"staunch",2,2
"staunchly",2,1
"steady",2,2
"steal",46,2
"stealing",15,2
"steals",20,2
"steep",2,2
"stellar",2,4
"stern",7,2
"sticky",5,2
"stifling",1,2
"stigma",3,2
"stimulating",2,1
"sting",3,2
"stinging",1,2
"stingy",1,2
"stodgy",1,2
"stole",5,2
"stolen",62,2
"stooges",8,2
"stormy",9,2
"straighten",2,2
"straightforward",2,1
"strain",5,2
"strained",4,2
"strange",100,2
"strangely",1,2
"stranger",51,2
"strangest",6,2
"strangle",1,2
"strenuous",2,2
"stress",31,2
"stresses",1,2
"stressful",3,2
"stricken",9,2
"strict",9,2
"strictly",3,2
"strife",3,2
"strike",27,2
"striking",2,9
"stringent",1,2
"striving",2,1
"strong",2,31
"stronger",2,12
"strongest",2,3
"struck",9,2
"struggle",105,2
"struggled",5,2
"struggles",116,2
"struggling",93,2
"stubborn",7,2
"stubbornly",1,2
"stuck",42,2
"stuffy",2,2
"stumble",10,2
"stumbles",32,2
"stumped",1,2
"stunned",2,3
"stunning",2,31
"stunningly",2,3
"stunt",5,2
"stupendously",2,1
"stupid",8,2
"stupidity",2,2
"stylish",2,1
"stylized",2,3
"stymied",1,2
"suave",2,8
"subdued",1,2
"subjected",6,2
"sublime",2,2
"succeed",2,22
"succeeded",2,6
"succeeding",2,1
"succeeds",2,7
"success",2,52
"successes",2,6
"successful",2,104
"successfully",2,9
"succumb",3,2
"suck",2,2
"sucked",6,2
"sucker",1,2
"sue",7,2
"sued",1,2
"sues",1,2
"suffer",16,2
"suffered",7,2
"suffering",36,2
"suffers",29,2
"suicidal",6,2
"suicide",52,2
"suitable",2,6
"sulk",1,2
"sullen",2,2
"sumptuous",2,2
"sunken",1,2
"super",2,76
"superb",2,2
"superbly",2,1
"superficiality",1,2
"superior",2,8
"superstition",4,2
"superstitious",2,2
"support",2,35
"supported",2,4
"supporting",2,5
"supportive",2,5
"supports",2,6
"suppress",2,2
"suppression",1,2
"supremacy",2,5
"supreme",2,7
"surpass",2,2
"surreal",2,13
"surrender",5,2
"survival",2,76
"survivor",2,15
"suspect",65,2
"suspicion",15,2
"suspicions",6,2
"suspicious",18,2
"sustainable",2,5
"swagger",1,2
"swanky",2,2
"sweaty",5,2
"sweeping",2,8
"sweet",2,34
"sweetheart",2,14
"sweetness",2,1
"swift",2,2
"swindle",5,2
"symptom",1,2
"symptoms",2,2
"syndrome",9,2
"taboo",4,2
"talent",2,36
"talented",2,43
"talents",2,12
"tangle",3,2
"tangled",8,2
"tangles",3,2
"tank",15,2
"tanks",1,2
"taunt",1,2
"taunts",2,2
"taut",2,2
"tawdry",2,2
"tease",3,2
"tedious",1,2
"temper",2,2
"tempest",1,2
"tempt",2,1
"temptation",6,2
"tempting",2,2
"tenacious",2,3
"tenacity",2,1
"tender",2,3
"tense",8,2
"tension",5,2
"tenuous",3,2
"terrible",30,2
"terribly",9,2
"terrific",2,1
"terror",45,2
"terrorism",4,2
"terrorize",6,2
"thank",2,1
"thankful",2,1
"thirst",5,2
"thoughtful",2,4
"thrash",1,2
"threat",38,2
"threaten",33,2
"threatening",22,2
"threats",7,2
"threesome",2,2
"thrill",2,31
"thrilled",2,4
"thrilling",2,29
"thrills",2,6
"thrive",2,6
"thriving",2,6
"throbbing",1,2
"thug",7,2
"thwart",16,2
"tickle",2,1
"tidy",2,2
"timely",2,9
"timid",8,2
"tingling",3,2
"tired",8,2
"togetherness",2,2
"toll",13,2
"top",2,140
"topnotch",2,1
"torment",4,2
"tormented",7,2
"torrent",1,2
"torture",17,2
"tortured",7,2
"torturing",1,2
"torturous",2,2
"totalitarian",1,2
"touchy",1,2
"tough",2,38
"tougher",2,2
"toughest",2,14
"toughness",1,2
"toxic",7,2
"tragedy",64,2
"tragic",62,2
"tragically",3,2
"traitor",7,2
"tramp",3,2
"tranquil",2,3
"tranquility",2,3
"transgression",1,2
"transparent",2,5
"trap",10,2
"trapped",77,2
"trash",2,2
"trauma",26,2
"traumatic",20,2
"traumatized",14,2
"treacherous",8,2
"treachery",4,2
"treason",6,2
"treasure",2,47
"tremendously",2,2
"trendy",2,2
"trick",14,2
"tricked",3,2
"trickery",2,2
"tricky",3,2
"triumph",2,9
"triumphant",2,6
"trophy",2,4
"trouble",83,2
"troubled",63,2
"troublemaker",1,2
"troubles",8,2
"troublesome",3,2
"troubling",3,2
"trump",2,13
"trumpet",2,4
"trust",2,25
"trusted",2,17
"trusting",2,1
"trustworthy",2,1
"trusty",2,2
"truthful",2,1
"tumble",3,2
"tumbles",1,2
"tumultuous",8,2
"turbulent",15,2
"turmoil",12,2
"twist",40,2
"twisted",24,2
"twists",25,2
"tyrannical",2,2
"tyranny",3,2
"tyrant",6,2
"ugly",7,2
"ulterior",2,2
"ultimatum",3,2
"unabashedly",2,1
"unable",31,2
"unacceptable",2,2
"unaffordable",1,2
"unattractive",1,2
"unavoidably",1,2
"unbearable",1,2
"unbelievable",7,2
"unbelievably",2,2
"unbiased",2,1
"uncaring",1,2
"uncertain",2,2
"uncomfortable",3,2
"uncompromising",10,2
"unconditional",2,4
"underdog",5,2
"underestimate",2,2
"undersized",1,2
"undisputed",2,1
"undocumented",1,2
"undone",2,2
"uneasy",3,2
"unemployed",12,2
"unequal",1,2
"unethical",3,2
"unexpected",95,2
"unexpectedly",32,2
"unexplained",13,2
"unfairly",2,2
"unfaithful",2,2
"unfamiliar",4,2
"unfinished",3,2
"unfit",4,2
"unforeseen",8,2
"unforgettable",2,25
"unforgiving",10,2
"unfortunate",15,2
"unfortunately",25,2
"unfounded",1,2
"unfriendly",3,2
"unfulfilled",3,2
"unhappily",1,2
"unhappy",12,2
"unhealthy",2,2
"unimaginable",8,2
"unimaginably",1,2
"unity",2,3
"unjust",3,2
"unjustly",2,2
"unknown",35,2
"unlawful",1,2
"unleash",7,2
"unlikely",56,2
"unlimited",2,4
"unlucky",3,2
"unmatched",2,2
"unnatural",3,2
"unnerving",1,2
"unnervingly",1,2
"unnoticed",2,2
"unorthodox",4,2
"unparalleled",2,4
"unpleasant",2,2
"unpopular",3,2
"unpredictable",9,2
"unprepared",3,2
"unquestionable",2,3
"unravel",32,2
"unreal",2,1
"unrealistic",2,2
"unreasonable",1,2
"unrelenting",5,2
"unreliable",2,2
"unresolved",9,2
"unresponsive",1,2
"unrest",3,2
"unrivaled",2,1
"unruly",1,2
"unsafe",2,2
"unsatisfactory",1,2
"unsavory",2,2
"unscrupulous",9,2
"unsettled",3,2
"unsettling",7,2
"unspeakable",8,2
"unstable",10,2
"unsuccessful",7,2
"unsuccessfully",3,2
"unsupported",1,2
"unsure",3,2
"unsuspecting",16,2
"untenable",1,2
"unthinkable",9,2
"untimely",10,2
"untouched",2,2
"untrustworthy",1,2
"unusual",34,2
"unusually",2,2
"unwanted",5,2
"unwavering",2,1
"unwelcome",1,2
"unwilling",5,2
"unwillingly",2,2
"unwisely",1,2
"unworthy",1,2
"upbeat",2,7
"upgraded",2,2
"upheaval",3,2
"uphold",2,1
"uplifting",2,5
"upliftment",2,2
"uprising",6,2
"uproar",1,2
"uproarious",4,2
"upscale",2,4
"upset",6,2
"upsets",2,2
"urgent",7,2
"useful",2,5
"useless",2,2
"utterly",2,2
"vagrant",1,2
"vain",3,2
"valiant",2,3
"valor",2,5
"valuable",2,21
"vanity",1,2
"variety",2,30
"vehement",1,2
"vehemently",2,2
"vengeance",38,2
"vengeful",13,2
"venom",5,2
"venomous",1,2
"vent",1,2
"veritable",2,2
"versatility",2,2
"vibrant",2,9
"vibrantly",2,1
"vice",5,2
"vicious",35,2
"viciously",1,2
"viciousness",1,2
"victory",2,6
"vigilant",2,1
"vile",3,2
"villainous",9,2
"villains",18,2
"villian",1,2
"vindictive",2,2
"violate",1,2
"violation",2,2
"violent",73,2
"violently",4,2
"virtue",2,1
"virtuous",2,2
"virus",26,2
"visionary",2,8
"vivacious",2,5
"vivid",2,12
"volatile",10,2
"vulgar",1,2
"vulnerable",9,2
"waning",1,2
"warily",1,2
"warm",2,13
"warmhearted",2,1
"warmly",2,1
"warmth",2,8
"warned",1,2
"warning",5,2
"warp",1,2
"wary",2,2
"waste",7,2
"wasting",1,2
"wayward",8,2
"weak",7,2
"weaker",2,2
"weakness",4,2
"wealthy",2,72
"weary",5,2
"weed",3,2
"weird",19,2
"welcome",2,43
"well",2,188
"wellbeing",2,1
"wicked",10,2
"wickedly",3,2
"wickedness",1,2
"wild",100,2
"wildly",6,2
"wiles",1,2
"willing",2,32
"willingly",2,1
"willingness",2,1
"wilt",1,2
"wily",2,2
"wimpy",1,2
"win",2,102
"winner",2,69
"winners",2,5
"winning",2,174
"wins",2,29
"wisdom",2,5
"wise",2,14
"witty",2,10
"womanizer",3,2
"womanizing",2,2
"won",2,20
"wonder",2,25
"wonderful",2,64
"wonderfully",2,14
"wonders",2,13
"wondrous",2,4
"woo",2,5
"work",2,242
"worked",2,13
"works",2,79
"worn",2,2
"worried",8,2
"worries",3,2
"worry",6,2
"worrying",2,2
"worse",41,2
"worsen",3,2
"worsening",1,2
"worst",40,2
"worth",2,27
"worthless",3,2
"worthy",2,8
"wounds",8,2
"wowing",2,1
"wrangle",2,2
"wrath",14,2
"wreak",3,2
"wreaked",1,2
"wreaks",3,2
"wreck",4,2
"wrestle",6,2
"wretched",2,2
"wrong",100,2
"wrongly",4,2
"youthful",2,4
"zeal",2,1
"zealot",1,2
"zest",2,1
"zippy",2,1
"zombie",26,2
